subset,split_seed,init_seed,truth,population,rmse_winner_original,nasa_winner_original,conflict_original,rmse_winner_sensitivity,nasa_winner_sensitivity,conflict_sensitivity,rmse_winner_changed,nasa_winner_changed
FD001,42,11,capped125,endpoint,lstm,lightgbm,True,lstm,lightgbm,True,False,False
FD001,42,11,capped125,equal_engine_windows,lstm,lstm,False,lstm,lstm,False,False,False
FD001,42,11,capped125,pooled_windows,lstm,lstm,False,lstm,lstm,False,False,False
FD001,42,11,raw,endpoint,lstm,lightgbm,True,lstm,lightgbm,True,False,False
FD001,42,11,raw,equal_engine_windows,lstm,lstm,False,lstm,lstm,False,False,False
FD001,42,11,raw,pooled_windows,lstm,lstm,False,lstm,lstm,False,False,False
FD001,42,23,capped125,endpoint,lightgbm,lightgbm,False,lightgbm,lightgbm,False,False,False
FD001,42,23,capped125,equal_engine_windows,lstm,lstm,False,lstm,lstm,False,False,False
FD001,42,23,capped125,pooled_windows,lstm,lstm,False,lstm,lstm,False,False,False
FD001,42,23,raw,endpoint,lightgbm,lightgbm,False,lightgbm,lightgbm,False,False,False
FD001,42,23,raw,equal_engine_windows,lstm,lstm,False,lstm,lstm,False,False,False
FD001,42,23,raw,pooled_windows,lstm,lstm,False,lstm,lstm,False,False,False
FD001,137,11,capped125,endpoint,lightgbm,lightgbm,False,lightgbm,lightgbm,False,False,False
FD001,137,11,capped125,equal_engine_windows,lstm,lstm,False,lstm,lstm,False,False,False
FD001,137,11,capped125,pooled_windows,lstm,lstm,False,lstm,lstm,False,False,False
FD001,137,11,raw,endpoint,lightgbm,lightgbm,False,lightgbm,lightgbm,False,False,False
FD001,137,11,raw,equal_engine_windows,lstm,lstm,False,lstm,lstm,False,False,False
FD001,137,11,raw,pooled_windows,lstm,lstm,False,lstm,lstm,False,False,False
FD001,137,23,capped125,endpoint,lightgbm,lightgbm,False,lightgbm,lightgbm,False,False,False
FD001,137,23,capped125,equal_engine_windows,lstm,lstm,False,lstm,lstm,False,False,False
FD001,137,23,capped125,pooled_windows,lstm,lstm,False,lstm,lstm,False,False,False
FD001,137,23,raw,endpoint,lightgbm,lightgbm,False,lightgbm,lightgbm,False,False,False
FD001,137,23,raw,equal_engine_windows,lstm,lstm,False,lstm,lstm,False,False,False
FD001,137,23,raw,pooled_windows,lstm,lstm,False,lstm,lstm,False,False,False
FD001,271,11,capped125,endpoint,lstm,lstm,False,lstm,lstm,False,False,False
FD001,271,11,capped125,equal_engine_windows,lstm,lstm,False,lstm,lstm,False,False,False
FD001,271,11,capped125,pooled_windows,lstm,lstm,False,lstm,lstm,False,False,False
FD001,271,11,raw,endpoint,lstm,lstm,False,lstm,lstm,False,False,False
FD001,271,11,raw,equal_engine_windows,lstm,lstm,False,lstm,lstm,False,False,False
FD001,271,11,raw,pooled_windows,lstm,lstm,False,lstm,lstm,False,False,False
FD001,271,23,capped125,endpoint,lstm,lstm,False,lstm,lstm,False,False,False
FD001,271,23,capped125,equal_engine_windows,lstm,lstm,False,lstm,lstm,False,False,False
FD001,271,23,capped125,pooled_windows,lstm,lstm,False,lstm,lstm,False,False,False
FD001,271,23,raw,endpoint,lightgbm,lightgbm,False,lightgbm,lightgbm,False,False,False
FD001,271,23,raw,equal_engine_windows,lstm,lstm,False,lstm,lstm,False,False,False
FD001,271,23,raw,pooled_windows,lstm,lstm,False,lstm,lstm,False,False,False
FD002,42,11,capped125,endpoint,lightgbm,lightgbm,False,lightgbm,lightgbm,False,False,False
FD002,42,11,capped125,equal_engine_windows,lstm,lightgbm,True,lstm,lightgbm,True,False,False
FD002,42,11,capped125,pooled_windows,lstm,lightgbm,True,lstm,lightgbm,True,False,False
FD002,42,11,raw,endpoint,lstm,lightgbm,True,lstm,lightgbm,True,False,False
FD002,42,11,raw,equal_engine_windows,lstm,lightgbm,True,lstm,lightgbm,True,False,False
FD002,42,11,raw,pooled_windows,lstm,lightgbm,True,lstm,lightgbm,True,False,False
FD002,42,23,capped125,endpoint,lightgbm,lightgbm,False,lightgbm,lightgbm,False,False,False
FD002,42,23,capped125,equal_engine_windows,lstm,lightgbm,True,lstm,lightgbm,True,False,False
FD002,42,23,capped125,pooled_windows,lstm,lightgbm,True,lstm,lightgbm,True,False,False
FD002,42,23,raw,endpoint,lstm,lightgbm,True,lstm,lightgbm,True,False,False
FD002,42,23,raw,equal_engine_windows,lstm,cnn_1d,True,lstm,cnn_1d,True,False,False
FD002,42,23,raw,pooled_windows,lstm,lightgbm,True,lstm,lightgbm,True,False,False
FD002,137,11,capped125,endpoint,lstm,lightgbm,True,lstm,lightgbm,True,False,False
FD002,137,11,capped125,equal_engine_windows,lstm,lightgbm,True,lstm,lightgbm,True,False,False
FD002,137,11,capped125,pooled_windows,lstm,lightgbm,True,lstm,lightgbm,True,False,False
FD002,137,11,raw,endpoint,lstm,lstm,False,lstm,lstm,False,False,False
FD002,137,11,raw,equal_engine_windows,lstm,lstm,False,lstm,lstm,False,False,False
FD002,137,11,raw,pooled_windows,lstm,lstm,False,lstm,lstm,False,False,False
FD002,137,23,capped125,endpoint,lstm,lightgbm,True,lstm,lightgbm,True,False,False
FD002,137,23,capped125,equal_engine_windows,lstm,lightgbm,True,lstm,lightgbm,True,False,False
FD002,137,23,capped125,pooled_windows,lstm,lightgbm,True,lstm,lightgbm,True,False,False
FD002,137,23,raw,endpoint,lstm,lstm,False,lstm,lstm,False,False,False
FD002,137,23,raw,equal_engine_windows,lstm,lightgbm,True,lstm,lightgbm,True,False,False
FD002,137,23,raw,pooled_windows,lstm,lightgbm,True,lstm,lightgbm,True,False,False
FD002,271,11,capped125,endpoint,lightgbm,lightgbm,False,lightgbm,lightgbm,False,False,False
FD002,271,11,capped125,equal_engine_windows,lightgbm,lightgbm,False,lightgbm,lightgbm,False,False,False
FD002,271,11,capped125,pooled_windows,lightgbm,lightgbm,False,lightgbm,lightgbm,False,False,False
FD002,271,11,raw,endpoint,lightgbm,lstm,True,lightgbm,lstm,True,False,False
FD002,271,11,raw,equal_engine_windows,lstm,lightgbm,True,lstm,lightgbm,True,False,False
FD002,271,11,raw,pooled_windows,lstm,lightgbm,True,lstm,lightgbm,True,False,False
FD002,271,23,capped125,endpoint,lightgbm,lightgbm,False,lightgbm,lightgbm,False,False,False
FD002,271,23,capped125,equal_engine_windows,lightgbm,lightgbm,False,lightgbm,lightgbm,False,False,False
FD002,271,23,capped125,pooled_windows,lightgbm,lightgbm,False,lightgbm,lightgbm,False,False,False
FD002,271,23,raw,endpoint,lightgbm,lstm,True,lightgbm,lstm,True,False,False
FD002,271,23,raw,equal_engine_windows,lightgbm,lstm,True,lightgbm,lstm,True,False,False
FD002,271,23,raw,pooled_windows,lightgbm,lstm,True,lightgbm,lstm,True,False,False
FD003,42,11,capped125,endpoint,lstm,lstm,False,lstm,lstm,False,False,False
FD003,42,11,capped125,equal_engine_windows,lstm,lstm,False,lstm,lstm,False,False,False
FD003,42,11,capped125,pooled_windows,lstm,lstm,False,lstm,lstm,False,False,False
FD003,42,11,raw,endpoint,lstm,lstm,False,lstm,lstm,False,False,False
FD003,42,11,raw,equal_engine_windows,lstm,lstm,False,lstm,lstm,False,False,False
FD003,42,11,raw,pooled_windows,lightgbm,lstm,True,lightgbm,lstm,True,False,False
FD003,42,23,capped125,endpoint,lightgbm,lightgbm,False,lightgbm,lightgbm,False,False,False
FD003,42,23,capped125,equal_engine_windows,lightgbm,lightgbm,False,lightgbm,lightgbm,False,False,False
FD003,42,23,capped125,pooled_windows,lightgbm,lightgbm,False,lightgbm,lightgbm,False,False,False
FD003,42,23,raw,endpoint,lightgbm,lightgbm,False,lightgbm,lightgbm,False,False,False
FD003,42,23,raw,equal_engine_windows,lightgbm,lightgbm,False,lightgbm,lightgbm,False,False,False
FD003,42,23,raw,pooled_windows,lightgbm,lightgbm,False,lightgbm,lightgbm,False,False,False
FD003,137,11,capped125,endpoint,lstm,lstm,False,lstm,lstm,False,False,False
FD003,137,11,capped125,equal_engine_windows,lstm,lstm,False,lstm,lstm,False,False,False
FD003,137,11,capped125,pooled_windows,lstm,lstm,False,lstm,lstm,False,False,False
FD003,137,11,raw,endpoint,lstm,lstm,False,lstm,lstm,False,False,False
FD003,137,11,raw,equal_engine_windows,lstm,lstm,False,lstm,lstm,False,False,False
FD003,137,11,raw,pooled_windows,lstm,lstm,False,lstm,lstm,False,False,False
FD003,137,23,capped125,endpoint,lstm,lstm,False,lstm,lstm,False,False,False
FD003,137,23,capped125,equal_engine_windows,lstm,lightgbm,True,lstm,lightgbm,True,False,False
FD003,137,23,capped125,pooled_windows,lstm,lstm,False,lstm,lstm,False,False,False
FD003,137,23,raw,endpoint,lstm,lstm,False,lstm,lstm,False,False,False
FD003,137,23,raw,equal_engine_windows,lstm,lstm,False,lstm,lstm,False,False,False
FD003,137,23,raw,pooled_windows,lstm,lstm,False,lstm,lstm,False,False,False
FD003,271,11,capped125,endpoint,lightgbm,lightgbm,False,lightgbm,lightgbm,False,False,False
FD003,271,11,capped125,equal_engine_windows,lightgbm,lightgbm,False,lightgbm,lightgbm,False,False,False
FD003,271,11,capped125,pooled_windows,lightgbm,lightgbm,False,lightgbm,lightgbm,False,False,False
FD003,271,11,raw,endpoint,lightgbm,lightgbm,False,lightgbm,lightgbm,False,False,False
FD003,271,11,raw,equal_engine_windows,lstm,lightgbm,True,lstm,lightgbm,True,False,False
FD003,271,11,raw,pooled_windows,lightgbm,lightgbm,False,lightgbm,lightgbm,False,False,False
FD003,271,23,capped125,endpoint,lstm,lstm,False,lstm,lstm,False,False,False
FD003,271,23,capped125,equal_engine_windows,lstm,lstm,False,lstm,lstm,False,False,False
FD003,271,23,capped125,pooled_windows,lstm,lstm,False,lstm,lstm,False,False,False
FD003,271,23,raw,endpoint,lstm,lstm,False,lstm,lstm,False,False,False
FD003,271,23,raw,equal_engine_windows,cnn_1d,cnn_1d,False,cnn_1d,cnn_1d,False,False,False
FD003,271,23,raw,pooled_windows,cnn_1d,cnn_1d,False,cnn_1d,cnn_1d,False,False,False
FD004,42,11,capped125,endpoint,lightgbm,lightgbm,False,lightgbm,lightgbm,False,False,False
FD004,42,11,capped125,equal_engine_windows,lightgbm,lightgbm,False,lightgbm,lightgbm,False,False,False
FD004,42,11,capped125,pooled_windows,lightgbm,lightgbm,False,lightgbm,lightgbm,False,False,False
FD004,42,11,raw,endpoint,lightgbm,lightgbm,False,lightgbm,lightgbm,False,False,False
FD004,42,11,raw,equal_engine_windows,lightgbm,cnn_1d,True,lightgbm,cnn_1d,True,False,False
FD004,42,11,raw,pooled_windows,lightgbm,cnn_1d,True,lightgbm,cnn_1d,True,False,False
FD004,42,23,capped125,endpoint,lightgbm,lstm,True,lightgbm,lstm,True,False,False
FD004,42,23,capped125,equal_engine_windows,lightgbm,lstm,True,lightgbm,lstm,True,False,False
FD004,42,23,capped125,pooled_windows,lightgbm,lightgbm,False,lightgbm,lightgbm,False,False,False
FD004,42,23,raw,endpoint,lightgbm,lightgbm,False,lightgbm,lightgbm,False,False,False
FD004,42,23,raw,equal_engine_windows,lightgbm,cnn_1d,True,lightgbm,cnn_1d,True,False,False
FD004,42,23,raw,pooled_windows,lightgbm,cnn_1d,True,lightgbm,cnn_1d,True,False,False
FD004,137,11,capped125,endpoint,lightgbm,lightgbm,False,lightgbm,lightgbm,False,False,False
FD004,137,11,capped125,equal_engine_windows,lightgbm,lightgbm,False,lightgbm,lightgbm,False,False,False
FD004,137,11,capped125,pooled_windows,lightgbm,lightgbm,False,lightgbm,lightgbm,False,False,False
FD004,137,11,raw,endpoint,lightgbm,lightgbm,False,lightgbm,lightgbm,False,False,False
FD004,137,11,raw,equal_engine_windows,lstm,lstm,False,lstm,lstm,False,False,False
FD004,137,11,raw,pooled_windows,lstm,lstm,False,lstm,lstm,False,False,False
FD004,137,23,capped125,endpoint,lightgbm,lightgbm,False,lightgbm,lightgbm,False,False,False
FD004,137,23,capped125,equal_engine_windows,lightgbm,lightgbm,False,lightgbm,lightgbm,False,False,False
FD004,137,23,capped125,pooled_windows,lightgbm,lightgbm,False,lightgbm,lightgbm,False,False,False
FD004,137,23,raw,endpoint,lightgbm,lightgbm,False,lightgbm,lightgbm,False,False,False
FD004,137,23,raw,equal_engine_windows,lstm,lstm,False,lstm,lstm,False,False,False
FD004,137,23,raw,pooled_windows,lstm,lstm,False,lstm,lstm,False,False,False
FD004,271,11,capped125,endpoint,lightgbm,lstm,True,lightgbm,lstm,True,False,False
FD004,271,11,capped125,equal_engine_windows,lightgbm,lightgbm,False,lightgbm,lightgbm,False,False,False
FD004,271,11,capped125,pooled_windows,lightgbm,lightgbm,False,lightgbm,lightgbm,False,False,False
FD004,271,11,raw,endpoint,lightgbm,lightgbm,False,lightgbm,lightgbm,False,False,False
FD004,271,11,raw,equal_engine_windows,lightgbm,lightgbm,False,lightgbm,lightgbm,False,False,False
FD004,271,11,raw,pooled_windows,lightgbm,lightgbm,False,lightgbm,lightgbm,False,False,False
FD004,271,23,capped125,endpoint,lightgbm,lstm,True,lightgbm,lstm,True,False,False
FD004,271,23,capped125,equal_engine_windows,lightgbm,lstm,True,lightgbm,lstm,True,False,False
FD004,271,23,capped125,pooled_windows,lightgbm,lightgbm,False,lightgbm,lightgbm,False,False,False
FD004,271,23,raw,endpoint,lightgbm,lightgbm,False,lightgbm,lightgbm,False,False,False
FD004,271,23,raw,equal_engine_windows,lightgbm,lstm,True,lightgbm,lstm,True,False,False
FD004,271,23,raw,pooled_windows,lightgbm,lstm,True,lightgbm,lstm,True,False,False
