run_id,arm,subset,split_seed,model,init_seed,target,sensors,analysis_run_id,budget_extended,truth,population,rmse,nasa_mean,engines,original_rmse,rmse_difference,rmse_ci_lower,rmse_ci_upper,original_nasa_mean,nasa_mean_difference,nasa_mean_ci_lower,nasa_mean_ci_upper
core__fd002__s137__lightgbm__i11__piecewise_125__common_14__scale125,core,FD002,137,lightgbm,11,piecewise_125,common_14,core__fd002__s137__lightgbm__i11__piecewise_125__common_14__scale125__budget_check,True,capped125,endpoint,16.28327182608413,4.568237477319432,259,16.241525580113965,0.04174624597016319,-0.1229885453250056,0.20296025645515925,4.513719147554409,0.05451832976502313,-0.12107675489971816,0.2646370050173805
core__fd002__s137__lightgbm__i11__piecewise_125__common_14__scale125,core,FD002,137,lightgbm,11,piecewise_125,common_14,core__fd002__s137__lightgbm__i11__piecewise_125__common_14__scale125__budget_check,True,raw,endpoint,29.416699554820042,62.775006772560204,259,29.457289349173802,-0.04058979435376031,-0.22339051395977041,0.14198587780973815,63.692094224565444,-0.9170874520052408,-5.635060641995371,3.992153883147194
core__fd003__s137__lightgbm__i11__piecewise_125__common_14__scale125,core,FD003,137,lightgbm,11,piecewise_125,common_14,core__fd003__s137__lightgbm__i11__piecewise_125__common_14__scale125__budget_check,True,capped125,endpoint,14.873200112774791,6.852554026600395,100,14.873200112774791,0.0,0.0,0.0,6.852554026600395,0.0,0.0,0.0
core__fd003__s137__lightgbm__i11__piecewise_125__common_14__scale125,core,FD003,137,lightgbm,11,piecewise_125,common_14,core__fd003__s137__lightgbm__i11__piecewise_125__common_14__scale125__budget_check,True,raw,endpoint,16.23038479911782,7.261511655998347,100,16.23038479911782,0.0,0.0,0.0,7.261511655998347,0.0,0.0,0.0
core__fd004__s137__lightgbm__i11__piecewise_125__common_14__scale125,core,FD004,137,lightgbm,11,piecewise_125,common_14,core__fd004__s137__lightgbm__i11__piecewise_125__common_14__scale125__budget_check,True,capped125,endpoint,17.29610294591835,8.48903092189071,248,17.305758796823223,-0.009655850904874086,-0.12476362603901317,0.10347852972226002,8.457686341766113,0.03134458012459618,-0.17820319778735827,0.3059629894139118
core__fd004__s137__lightgbm__i11__piecewise_125__common_14__scale125,core,FD004,137,lightgbm,11,piecewise_125,common_14,core__fd004__s137__lightgbm__i11__piecewise_125__common_14__scale125__budget_check,True,raw,endpoint,29.172793005627845,28.082144834667478,248,29.18999014165096,-0.017197136023114012,-0.12617976752394328,0.08789383295922028,28.070750648296325,0.011394186371152415,-0.6087324967368715,0.6351056280440905
core__fd004__s271__lightgbm__i11__piecewise_125__common_14__scale125,core,FD004,271,lightgbm,11,piecewise_125,common_14,core__fd004__s271__lightgbm__i11__piecewise_125__common_14__scale125__budget_check,True,capped125,endpoint,17.704393283449182,9.585490028501725,248,17.707046992495787,-0.0026537090466050017,-0.06666029505901613,0.06491966496747398,9.631674924377553,-0.04618489587582708,-0.3042794824024061,0.21678946660857545
core__fd004__s271__lightgbm__i11__piecewise_125__common_14__scale125,core,FD004,271,lightgbm,11,piecewise_125,common_14,core__fd004__s271__lightgbm__i11__piecewise_125__common_14__scale125__budget_check,True,raw,endpoint,29.104331954186446,27.706268672725102,248,29.1183168960786,-0.013984941892154268,-0.07138920617371722,0.041846269145065076,27.696548685629025,0.009719987096076466,-0.3680202656937879,0.37682629566093473
core__fd004__s42__lstm__i11__piecewise_125__common_14__scale125,core,FD004,42,lstm,11,piecewise_125,common_14,core__fd004__s42__lstm__i11__piecewise_125__common_14__scale125__budget_check,True,capped125,endpoint,19.089470550840034,10.001790009859953,248,19.113168318125823,-0.023697767285788984,-0.1875826484877118,0.11841110134558713,10.27051579035157,-0.2687257804916179,-0.6567057335532773,0.044063805515179626
core__fd004__s42__lstm__i11__piecewise_125__common_14__scale125,core,FD004,42,lstm,11,piecewise_125,common_14,core__fd004__s42__lstm__i11__piecewise_125__common_14__scale125__budget_check,True,raw,endpoint,30.60128884226472,38.31724627154062,248,30.661305507969278,-0.0600166657045591,-0.17730548044820854,0.05153230191959242,38.42361908157092,-0.10637281003030097,-1.2383872496306245,1.150993282221961
factor__fd004__s137__lightgbm__i11__linear_uncapped__common_14__scale125,factor,FD004,137,lightgbm,11,linear_uncapped,common_14,factor__fd004__s137__lightgbm__i11__linear_uncapped__common_14__scale125__budget_check,True,capped125,endpoint,39.076494958972724,8176.993455525326,248,38.97558686689838,0.10090809207434148,-0.04494089758087618,0.24686857196682066,8474.539942885342,-297.5464873600158,-1412.8875881731833,494.60786053332697
factor__fd004__s137__lightgbm__i11__linear_uncapped__common_14__scale125,factor,FD004,137,lightgbm,11,linear_uncapped,common_14,factor__fd004__s137__lightgbm__i11__linear_uncapped__common_14__scale125__budget_check,True,raw,endpoint,34.23743107931014,280.99554844616557,248,34.18349625545159,0.05393482385855464,-0.08474129745032233,0.1948606972867868,290.20200306702833,-9.206454620862758,-52.233620588890126,20.357523873229095
factor__fd004__s271__lightgbm__i11__piecewise_125__all_21__scale125,factor,FD004,271,lightgbm,11,piecewise_125,all_21,factor__fd004__s271__lightgbm__i11__piecewise_125__all_21__scale125__budget_check,True,capped125,endpoint,17.717065726583847,8.425321655089398,248,17.717769798418452,-0.000704071834604747,-0.031605119450352694,0.029941895489175772,8.455259469877282,-0.02993781478788371,-0.09534138420502422,0.021129364216062714
factor__fd004__s271__lightgbm__i11__piecewise_125__all_21__scale125,factor,FD004,271,lightgbm,11,piecewise_125,all_21,factor__fd004__s271__lightgbm__i11__piecewise_125__all_21__scale125__budget_check,True,raw,endpoint,28.993002107523335,26.065909421047586,248,28.999034077026057,-0.006031969502721779,-0.038333591004068704,0.026752775555603524,26.09867244494529,-0.03276302389770436,-0.22065014482794565,0.17262424751026384
factor__fd004__s42__lightgbm__i11__linear_uncapped__common_14__scale125,factor,FD004,42,lightgbm,11,linear_uncapped,common_14,factor__fd004__s42__lightgbm__i11__linear_uncapped__common_14__scale125__budget_check,True,capped125,endpoint,43.975118580102816,7439.469441465861,248,43.9008738682636,0.07424471183921355,-0.06491892301214204,0.21506511529370728,7678.478573374496,-239.00913190863503,-816.7680564405557,211.8834562394004
factor__fd004__s42__lightgbm__i11__linear_uncapped__common_14__scale125,factor,FD004,42,lightgbm,11,linear_uncapped,common_14,factor__fd004__s42__lightgbm__i11__linear_uncapped__common_14__scale125__budget_check,True,raw,endpoint,38.44072226563433,2399.5707299346273,248,38.35941928980831,0.08130297582601997,-0.050306733398304534,0.21518724603228293,2419.470973802363,-19.900243867735753,-107.77787912366439,52.52236545394902
factor__fd004__s42__lightgbm__i11__piecewise_125__all_21__scale125,factor,FD004,42,lightgbm,11,piecewise_125,all_21,factor__fd004__s42__lightgbm__i11__piecewise_125__all_21__scale125__budget_check,True,capped125,endpoint,18.04328096276135,9.00684860863162,248,18.030861719861846,0.012419242899504468,-0.04045041318201781,0.06267937362932957,8.9549150059835,0.05193360264811986,-0.07291246011060318,0.21724144454554142
factor__fd004__s42__lightgbm__i11__piecewise_125__all_21__scale125,factor,FD004,42,lightgbm,11,piecewise_125,all_21,factor__fd004__s42__lightgbm__i11__piecewise_125__all_21__scale125__budget_check,True,raw,endpoint,29.201256230621343,29.182219893114265,248,29.185029488814646,0.016226741806697476,-0.030995522671277163,0.06388994596123618,29.065410088668813,0.11680980444545241,-0.18478119784075114,0.45454436411805416
