subset,split_seed,init_seed,truth,population,rmse_winner,nasa_winner,conflict
FD001,42,11,capped125,endpoint,lstm,lightgbm,True
FD001,42,11,capped125,equal_engine_windows,lstm,lstm,False
FD001,42,11,capped125,pooled_windows,lstm,lstm,False
FD001,42,11,raw,endpoint,lstm,lightgbm,True
FD001,42,11,raw,equal_engine_windows,lstm,lstm,False
FD001,42,11,raw,pooled_windows,lstm,lstm,False
FD001,42,23,capped125,endpoint,lightgbm,lightgbm,False
FD001,42,23,capped125,equal_engine_windows,lstm,lstm,False
FD001,42,23,capped125,pooled_windows,lstm,lstm,False
FD001,42,23,raw,endpoint,lightgbm,lightgbm,False
FD001,42,23,raw,equal_engine_windows,lstm,lstm,False
FD001,42,23,raw,pooled_windows,lstm,lstm,False
FD001,137,11,capped125,endpoint,lightgbm,lightgbm,False
FD001,137,11,capped125,equal_engine_windows,lstm,lstm,False
FD001,137,11,capped125,pooled_windows,lstm,lstm,False
FD001,137,11,raw,endpoint,lightgbm,lightgbm,False
FD001,137,11,raw,equal_engine_windows,lstm,lstm,False
FD001,137,11,raw,pooled_windows,lstm,lstm,False
FD001,137,23,capped125,endpoint,lightgbm,lightgbm,False
FD001,137,23,capped125,equal_engine_windows,lstm,lstm,False
FD001,137,23,capped125,pooled_windows,lstm,lstm,False
FD001,137,23,raw,endpoint,lightgbm,lightgbm,False
FD001,137,23,raw,equal_engine_windows,lstm,lstm,False
FD001,137,23,raw,pooled_windows,lstm,lstm,False
FD001,271,11,capped125,endpoint,lstm,lstm,False
FD001,271,11,capped125,equal_engine_windows,lstm,lstm,False
FD001,271,11,capped125,pooled_windows,lstm,lstm,False
FD001,271,11,raw,endpoint,lstm,lstm,False
FD001,271,11,raw,equal_engine_windows,lstm,lstm,False
FD001,271,11,raw,pooled_windows,lstm,lstm,False
FD001,271,23,capped125,endpoint,lstm,lstm,False
FD001,271,23,capped125,equal_engine_windows,lstm,lstm,False
FD001,271,23,capped125,pooled_windows,lstm,lstm,False
FD001,271,23,raw,endpoint,lightgbm,lightgbm,False
FD001,271,23,raw,equal_engine_windows,lstm,lstm,False
FD001,271,23,raw,pooled_windows,lstm,lstm,False
FD002,42,11,capped125,endpoint,lightgbm,lightgbm,False
FD002,42,11,capped125,equal_engine_windows,lstm,lightgbm,True
FD002,42,11,capped125,pooled_windows,lstm,lightgbm,True
FD002,42,11,raw,endpoint,lstm,lightgbm,True
FD002,42,11,raw,equal_engine_windows,lstm,lightgbm,True
FD002,42,11,raw,pooled_windows,lstm,lightgbm,True
FD002,42,23,capped125,endpoint,lightgbm,lightgbm,False
FD002,42,23,capped125,equal_engine_windows,lstm,lightgbm,True
FD002,42,23,capped125,pooled_windows,lstm,lightgbm,True
FD002,42,23,raw,endpoint,lstm,lightgbm,True
FD002,42,23,raw,equal_engine_windows,lstm,cnn_1d,True
FD002,42,23,raw,pooled_windows,lstm,lightgbm,True
FD002,137,11,capped125,endpoint,lstm,lightgbm,True
FD002,137,11,capped125,equal_engine_windows,lstm,lightgbm,True
FD002,137,11,capped125,pooled_windows,lstm,lightgbm,True
FD002,137,11,raw,endpoint,lstm,lstm,False
FD002,137,11,raw,equal_engine_windows,lstm,lstm,False
FD002,137,11,raw,pooled_windows,lstm,lstm,False
FD002,137,23,capped125,endpoint,lstm,lightgbm,True
FD002,137,23,capped125,equal_engine_windows,lstm,lightgbm,True
FD002,137,23,capped125,pooled_windows,lstm,lightgbm,True
FD002,137,23,raw,endpoint,lstm,lstm,False
FD002,137,23,raw,equal_engine_windows,lstm,lightgbm,True
FD002,137,23,raw,pooled_windows,lstm,lightgbm,True
FD002,271,11,capped125,endpoint,lightgbm,lightgbm,False
FD002,271,11,capped125,equal_engine_windows,lightgbm,lightgbm,False
FD002,271,11,capped125,pooled_windows,lightgbm,lightgbm,False
FD002,271,11,raw,endpoint,lightgbm,lstm,True
FD002,271,11,raw,equal_engine_windows,lstm,lightgbm,True
FD002,271,11,raw,pooled_windows,lstm,lightgbm,True
FD002,271,23,capped125,endpoint,lightgbm,lightgbm,False
FD002,271,23,capped125,equal_engine_windows,lightgbm,lightgbm,False
FD002,271,23,capped125,pooled_windows,lightgbm,lightgbm,False
FD002,271,23,raw,endpoint,lightgbm,lstm,True
FD002,271,23,raw,equal_engine_windows,lightgbm,lstm,True
FD002,271,23,raw,pooled_windows,lightgbm,lstm,True
FD003,42,11,capped125,endpoint,lstm,lstm,False
FD003,42,11,capped125,equal_engine_windows,lstm,lstm,False
FD003,42,11,capped125,pooled_windows,lstm,lstm,False
FD003,42,11,raw,endpoint,lstm,lstm,False
FD003,42,11,raw,equal_engine_windows,lstm,lstm,False
FD003,42,11,raw,pooled_windows,lightgbm,lstm,True
FD003,42,23,capped125,endpoint,lightgbm,lightgbm,False
FD003,42,23,capped125,equal_engine_windows,lightgbm,lightgbm,False
FD003,42,23,capped125,pooled_windows,lightgbm,lightgbm,False
FD003,42,23,raw,endpoint,lightgbm,lightgbm,False
FD003,42,23,raw,equal_engine_windows,lightgbm,lightgbm,False
FD003,42,23,raw,pooled_windows,lightgbm,lightgbm,False
FD003,137,11,capped125,endpoint,lstm,lstm,False
FD003,137,11,capped125,equal_engine_windows,lstm,lstm,False
FD003,137,11,capped125,pooled_windows,lstm,lstm,False
FD003,137,11,raw,endpoint,lstm,lstm,False
FD003,137,11,raw,equal_engine_windows,lstm,lstm,False
FD003,137,11,raw,pooled_windows,lstm,lstm,False
FD003,137,23,capped125,endpoint,lstm,lstm,False
FD003,137,23,capped125,equal_engine_windows,lstm,lightgbm,True
FD003,137,23,capped125,pooled_windows,lstm,lstm,False
FD003,137,23,raw,endpoint,lstm,lstm,False
FD003,137,23,raw,equal_engine_windows,lstm,lstm,False
FD003,137,23,raw,pooled_windows,lstm,lstm,False
FD003,271,11,capped125,endpoint,lightgbm,lightgbm,False
FD003,271,11,capped125,equal_engine_windows,lightgbm,lightgbm,False
FD003,271,11,capped125,pooled_windows,lightgbm,lightgbm,False
FD003,271,11,raw,endpoint,lightgbm,lightgbm,False
FD003,271,11,raw,equal_engine_windows,lstm,lightgbm,True
FD003,271,11,raw,pooled_windows,lightgbm,lightgbm,False
FD003,271,23,capped125,endpoint,lstm,lstm,False
FD003,271,23,capped125,equal_engine_windows,lstm,lstm,False
FD003,271,23,capped125,pooled_windows,lstm,lstm,False
FD003,271,23,raw,endpoint,lstm,lstm,False
FD003,271,23,raw,equal_engine_windows,cnn_1d,cnn_1d,False
FD003,271,23,raw,pooled_windows,cnn_1d,cnn_1d,False
FD004,42,11,capped125,endpoint,lightgbm,lightgbm,False
FD004,42,11,capped125,equal_engine_windows,lightgbm,lightgbm,False
FD004,42,11,capped125,pooled_windows,lightgbm,lightgbm,False
FD004,42,11,raw,endpoint,lightgbm,lightgbm,False
FD004,42,11,raw,equal_engine_windows,lightgbm,cnn_1d,True
FD004,42,11,raw,pooled_windows,lightgbm,cnn_1d,True
FD004,42,23,capped125,endpoint,lightgbm,lstm,True
FD004,42,23,capped125,equal_engine_windows,lightgbm,lstm,True
FD004,42,23,capped125,pooled_windows,lightgbm,lightgbm,False
FD004,42,23,raw,endpoint,lightgbm,lightgbm,False
FD004,42,23,raw,equal_engine_windows,lightgbm,cnn_1d,True
FD004,42,23,raw,pooled_windows,lightgbm,cnn_1d,True
FD004,137,11,capped125,endpoint,lightgbm,lightgbm,False
FD004,137,11,capped125,equal_engine_windows,lightgbm,lightgbm,False
FD004,137,11,capped125,pooled_windows,lightgbm,lightgbm,False
FD004,137,11,raw,endpoint,lightgbm,lightgbm,False
FD004,137,11,raw,equal_engine_windows,lstm,lstm,False
FD004,137,11,raw,pooled_windows,lstm,lstm,False
FD004,137,23,capped125,endpoint,lightgbm,lightgbm,False
FD004,137,23,capped125,equal_engine_windows,lightgbm,lightgbm,False
FD004,137,23,capped125,pooled_windows,lightgbm,lightgbm,False
FD004,137,23,raw,endpoint,lightgbm,lightgbm,False
FD004,137,23,raw,equal_engine_windows,lstm,lstm,False
FD004,137,23,raw,pooled_windows,lstm,lstm,False
FD004,271,11,capped125,endpoint,lightgbm,lstm,True
FD004,271,11,capped125,equal_engine_windows,lightgbm,lightgbm,False
FD004,271,11,capped125,pooled_windows,lightgbm,lightgbm,False
FD004,271,11,raw,endpoint,lightgbm,lightgbm,False
FD004,271,11,raw,equal_engine_windows,lightgbm,lightgbm,False
FD004,271,11,raw,pooled_windows,lightgbm,lightgbm,False
FD004,271,23,capped125,endpoint,lightgbm,lstm,True
FD004,271,23,capped125,equal_engine_windows,lightgbm,lstm,True
FD004,271,23,capped125,pooled_windows,lightgbm,lightgbm,False
FD004,271,23,raw,endpoint,lightgbm,lightgbm,False
FD004,271,23,raw,equal_engine_windows,lightgbm,lstm,True
FD004,271,23,raw,pooled_windows,lightgbm,lstm,True
