run_id,dataset,model,sensor_set,seed,training_label,common_truth,rmse,engine_count,prediction_clipping
kill_v1__fd001__lstm__piecewise_125__all_21__seed11,FD001,lstm,all_21,11,piecewise_125,raw_rul,19.18053329714945,100,none
kill_v1__fd001__lstm__piecewise_125__all_21__seed11,FD001,lstm,all_21,11,piecewise_125,piecewise_125,17.07005281430255,100,none
kill_v1__fd001__lstm__piecewise_125__all_21__seed23,FD001,lstm,all_21,23,piecewise_125,raw_rul,26.08204441802896,100,none
kill_v1__fd001__lstm__piecewise_125__all_21__seed23,FD001,lstm,all_21,23,piecewise_125,piecewise_125,24.12084583202276,100,none
kill_v1__fd001__lstm__piecewise_125__all_21__seed37,FD001,lstm,all_21,37,piecewise_125,raw_rul,23.78125846196244,100,none
kill_v1__fd001__lstm__piecewise_125__all_21__seed37,FD001,lstm,all_21,37,piecewise_125,piecewise_125,21.798475168923574,100,none
kill_v1__fd001__lstm__piecewise_125__all_21__seed53,FD001,lstm,all_21,53,piecewise_125,raw_rul,41.77657767530663,100,none
kill_v1__fd001__lstm__piecewise_125__all_21__seed53,FD001,lstm,all_21,53,piecewise_125,piecewise_125,40.43025625279525,100,none
kill_v1__fd001__lstm__piecewise_125__all_21__seed71,FD001,lstm,all_21,71,piecewise_125,raw_rul,19.58422310111007,100,none
kill_v1__fd001__lstm__piecewise_125__all_21__seed71,FD001,lstm,all_21,71,piecewise_125,piecewise_125,17.51805465691264,100,none
kill_v1__fd001__lstm__piecewise_125__common_14__seed11,FD001,lstm,common_14,11,piecewise_125,raw_rul,30.338289605541004,100,none
kill_v1__fd001__lstm__piecewise_125__common_14__seed11,FD001,lstm,common_14,11,piecewise_125,piecewise_125,28.54307353369605,100,none
kill_v1__fd001__lstm__piecewise_125__common_14__seed23,FD001,lstm,common_14,23,piecewise_125,raw_rul,23.099322277883665,100,none
kill_v1__fd001__lstm__piecewise_125__common_14__seed23,FD001,lstm,common_14,23,piecewise_125,piecewise_125,20.983537342074936,100,none
kill_v1__fd001__lstm__piecewise_125__common_14__seed37,FD001,lstm,common_14,37,piecewise_125,raw_rul,41.77597446754772,100,none
kill_v1__fd001__lstm__piecewise_125__common_14__seed37,FD001,lstm,common_14,37,piecewise_125,piecewise_125,40.42947479775951,100,none
kill_v1__fd001__lstm__piecewise_125__common_14__seed53,FD001,lstm,common_14,53,piecewise_125,raw_rul,19.82192615468882,100,none
kill_v1__fd001__lstm__piecewise_125__common_14__seed53,FD001,lstm,common_14,53,piecewise_125,piecewise_125,17.83997374323132,100,none
kill_v1__fd001__lstm__piecewise_125__common_14__seed71,FD001,lstm,common_14,71,piecewise_125,raw_rul,41.7711363960726,100,none
kill_v1__fd001__lstm__piecewise_125__common_14__seed71,FD001,lstm,common_14,71,piecewise_125,piecewise_125,40.42322670075762,100,none
kill_v1__fd001__lstm__linear_uncapped__all_21__seed11,FD001,lstm,all_21,11,linear_uncapped,raw_rul,18.602365353685467,100,none
kill_v1__fd001__lstm__linear_uncapped__all_21__seed11,FD001,lstm,all_21,11,linear_uncapped,piecewise_125,17.086211701161826,100,none
kill_v1__fd001__lstm__linear_uncapped__all_21__seed23,FD001,lstm,all_21,23,linear_uncapped,raw_rul,32.135539196630255,100,none
kill_v1__fd001__lstm__linear_uncapped__all_21__seed23,FD001,lstm,all_21,23,linear_uncapped,piecewise_125,30.820670756039725,100,none
kill_v1__fd001__lstm__linear_uncapped__all_21__seed37,FD001,lstm,all_21,37,linear_uncapped,raw_rul,22.097547983406898,100,none
kill_v1__fd001__lstm__linear_uncapped__all_21__seed37,FD001,lstm,all_21,37,linear_uncapped,piecewise_125,20.405297421483343,100,none
kill_v1__fd001__lstm__linear_uncapped__all_21__seed53,FD001,lstm,all_21,53,linear_uncapped,raw_rul,44.59651995123505,100,none
kill_v1__fd001__lstm__linear_uncapped__all_21__seed53,FD001,lstm,all_21,53,linear_uncapped,piecewise_125,43.63060019949006,100,none
kill_v1__fd001__lstm__linear_uncapped__all_21__seed71,FD001,lstm,all_21,71,linear_uncapped,raw_rul,18.845712306619426,100,none
kill_v1__fd001__lstm__linear_uncapped__all_21__seed71,FD001,lstm,all_21,71,linear_uncapped,piecewise_125,17.11982307981167,100,none
kill_v1__fd001__lstm__linear_uncapped__common_14__seed11,FD001,lstm,common_14,11,linear_uncapped,raw_rul,44.57614145087688,100,none
kill_v1__fd001__lstm__linear_uncapped__common_14__seed11,FD001,lstm,common_14,11,linear_uncapped,piecewise_125,43.6083912415145,100,none
kill_v1__fd001__lstm__linear_uncapped__common_14__seed23,FD001,lstm,common_14,23,linear_uncapped,raw_rul,20.007264018633176,100,none
kill_v1__fd001__lstm__linear_uncapped__common_14__seed23,FD001,lstm,common_14,23,linear_uncapped,piecewise_125,18.32946925062438,100,none
kill_v1__fd001__lstm__linear_uncapped__common_14__seed37,FD001,lstm,common_14,37,linear_uncapped,raw_rul,44.59741492383285,100,none
kill_v1__fd001__lstm__linear_uncapped__common_14__seed37,FD001,lstm,common_14,37,linear_uncapped,piecewise_125,43.63157543231891,100,none
kill_v1__fd001__lstm__linear_uncapped__common_14__seed53,FD001,lstm,common_14,53,linear_uncapped,raw_rul,19.235532168022623,100,none
kill_v1__fd001__lstm__linear_uncapped__common_14__seed53,FD001,lstm,common_14,53,linear_uncapped,piecewise_125,17.798846513972503,100,none
kill_v1__fd001__lstm__linear_uncapped__common_14__seed71,FD001,lstm,common_14,71,linear_uncapped,raw_rul,44.557705302668026,100,none
kill_v1__fd001__lstm__linear_uncapped__common_14__seed71,FD001,lstm,common_14,71,linear_uncapped,piecewise_125,43.58829390982228,100,none
kill_v1__fd001__cnn_1d__piecewise_125__all_21__seed11,FD001,cnn_1d,all_21,11,piecewise_125,raw_rul,22.166517352605634,100,none
kill_v1__fd001__cnn_1d__piecewise_125__all_21__seed11,FD001,cnn_1d,all_21,11,piecewise_125,piecewise_125,21.164176809697477,100,none
kill_v1__fd001__cnn_1d__piecewise_125__all_21__seed23,FD001,cnn_1d,all_21,23,piecewise_125,raw_rul,21.709630169078125,100,none
kill_v1__fd001__cnn_1d__piecewise_125__all_21__seed23,FD001,cnn_1d,all_21,23,piecewise_125,piecewise_125,20.61200905742385,100,none
kill_v1__fd001__cnn_1d__piecewise_125__all_21__seed37,FD001,cnn_1d,all_21,37,piecewise_125,raw_rul,22.87221671216418,100,none
kill_v1__fd001__cnn_1d__piecewise_125__all_21__seed37,FD001,cnn_1d,all_21,37,piecewise_125,piecewise_125,21.86964016845576,100,none
kill_v1__fd001__cnn_1d__piecewise_125__all_21__seed53,FD001,cnn_1d,all_21,53,piecewise_125,raw_rul,23.03794307234567,100,none
kill_v1__fd001__cnn_1d__piecewise_125__all_21__seed53,FD001,cnn_1d,all_21,53,piecewise_125,piecewise_125,22.03950998379793,100,none
kill_v1__fd001__cnn_1d__piecewise_125__all_21__seed71,FD001,cnn_1d,all_21,71,piecewise_125,raw_rul,22.423818522226597,100,none
kill_v1__fd001__cnn_1d__piecewise_125__all_21__seed71,FD001,cnn_1d,all_21,71,piecewise_125,piecewise_125,21.40266932164372,100,none
kill_v1__fd001__cnn_1d__piecewise_125__common_14__seed11,FD001,cnn_1d,common_14,11,piecewise_125,raw_rul,22.87683132559911,100,none
kill_v1__fd001__cnn_1d__piecewise_125__common_14__seed11,FD001,cnn_1d,common_14,11,piecewise_125,piecewise_125,21.822022009031546,100,none
kill_v1__fd001__cnn_1d__piecewise_125__common_14__seed23,FD001,cnn_1d,common_14,23,piecewise_125,raw_rul,23.039358068912748,100,none
kill_v1__fd001__cnn_1d__piecewise_125__common_14__seed23,FD001,cnn_1d,common_14,23,piecewise_125,piecewise_125,21.957340963764494,100,none
kill_v1__fd001__cnn_1d__piecewise_125__common_14__seed37,FD001,cnn_1d,common_14,37,piecewise_125,raw_rul,22.843634968163943,100,none
kill_v1__fd001__cnn_1d__piecewise_125__common_14__seed37,FD001,cnn_1d,common_14,37,piecewise_125,piecewise_125,21.770409516570236,100,none
kill_v1__fd001__cnn_1d__piecewise_125__common_14__seed53,FD001,cnn_1d,common_14,53,piecewise_125,raw_rul,22.212396917528583,100,none
kill_v1__fd001__cnn_1d__piecewise_125__common_14__seed53,FD001,cnn_1d,common_14,53,piecewise_125,piecewise_125,21.12630685322562,100,none
kill_v1__fd001__cnn_1d__piecewise_125__common_14__seed71,FD001,cnn_1d,common_14,71,piecewise_125,raw_rul,22.95941226699039,100,none
kill_v1__fd001__cnn_1d__piecewise_125__common_14__seed71,FD001,cnn_1d,common_14,71,piecewise_125,piecewise_125,22.02924845074858,100,none
kill_v1__fd001__cnn_1d__linear_uncapped__all_21__seed11,FD001,cnn_1d,all_21,11,linear_uncapped,raw_rul,28.657373305118877,100,none
kill_v1__fd001__cnn_1d__linear_uncapped__all_21__seed11,FD001,cnn_1d,all_21,11,linear_uncapped,piecewise_125,28.687954760878668,100,none
kill_v1__fd001__cnn_1d__linear_uncapped__all_21__seed23,FD001,cnn_1d,all_21,23,linear_uncapped,raw_rul,29.741407332169345,100,none
kill_v1__fd001__cnn_1d__linear_uncapped__all_21__seed23,FD001,cnn_1d,all_21,23,linear_uncapped,piecewise_125,29.933793572800816,100,none
kill_v1__fd001__cnn_1d__linear_uncapped__all_21__seed37,FD001,cnn_1d,all_21,37,linear_uncapped,raw_rul,29.299493313944183,100,none
kill_v1__fd001__cnn_1d__linear_uncapped__all_21__seed37,FD001,cnn_1d,all_21,37,linear_uncapped,piecewise_125,29.35456474584025,100,none
kill_v1__fd001__cnn_1d__linear_uncapped__all_21__seed53,FD001,cnn_1d,all_21,53,linear_uncapped,raw_rul,29.723962947993503,100,none
kill_v1__fd001__cnn_1d__linear_uncapped__all_21__seed53,FD001,cnn_1d,all_21,53,linear_uncapped,piecewise_125,29.841949020326027,100,none
kill_v1__fd001__cnn_1d__linear_uncapped__all_21__seed71,FD001,cnn_1d,all_21,71,linear_uncapped,raw_rul,28.20419710433577,100,none
kill_v1__fd001__cnn_1d__linear_uncapped__all_21__seed71,FD001,cnn_1d,all_21,71,linear_uncapped,piecewise_125,28.25621289262552,100,none
kill_v1__fd001__cnn_1d__linear_uncapped__common_14__seed11,FD001,cnn_1d,common_14,11,linear_uncapped,raw_rul,28.81536992190266,100,none
kill_v1__fd001__cnn_1d__linear_uncapped__common_14__seed11,FD001,cnn_1d,common_14,11,linear_uncapped,piecewise_125,28.88996790547463,100,none
kill_v1__fd001__cnn_1d__linear_uncapped__common_14__seed23,FD001,cnn_1d,common_14,23,linear_uncapped,raw_rul,28.079316349660232,100,none
kill_v1__fd001__cnn_1d__linear_uncapped__common_14__seed23,FD001,cnn_1d,common_14,23,linear_uncapped,piecewise_125,28.06642178930049,100,none
kill_v1__fd001__cnn_1d__linear_uncapped__common_14__seed37,FD001,cnn_1d,common_14,37,linear_uncapped,raw_rul,30.534933588890382,100,none
kill_v1__fd001__cnn_1d__linear_uncapped__common_14__seed37,FD001,cnn_1d,common_14,37,linear_uncapped,piecewise_125,30.61908303555321,100,none
kill_v1__fd001__cnn_1d__linear_uncapped__common_14__seed53,FD001,cnn_1d,common_14,53,linear_uncapped,raw_rul,29.603941117543474,100,none
kill_v1__fd001__cnn_1d__linear_uncapped__common_14__seed53,FD001,cnn_1d,common_14,53,linear_uncapped,piecewise_125,29.677049721821565,100,none
kill_v1__fd001__cnn_1d__linear_uncapped__common_14__seed71,FD001,cnn_1d,common_14,71,linear_uncapped,raw_rul,30.106064270978944,100,none
kill_v1__fd001__cnn_1d__linear_uncapped__common_14__seed71,FD001,cnn_1d,common_14,71,linear_uncapped,piecewise_125,30.22336029565009,100,none
kill_v1__fd001__lightgbm__piecewise_125__all_21__seed11,FD001,lightgbm,all_21,11,piecewise_125,raw_rul,14.905273714124563,100,none
kill_v1__fd001__lightgbm__piecewise_125__all_21__seed11,FD001,lightgbm,all_21,11,piecewise_125,piecewise_125,13.748668171558908,100,none
kill_v1__fd001__lightgbm__piecewise_125__all_21__seed23,FD001,lightgbm,all_21,23,piecewise_125,raw_rul,14.905273714124563,100,none
kill_v1__fd001__lightgbm__piecewise_125__all_21__seed23,FD001,lightgbm,all_21,23,piecewise_125,piecewise_125,13.748668171558908,100,none
kill_v1__fd001__lightgbm__piecewise_125__all_21__seed37,FD001,lightgbm,all_21,37,piecewise_125,raw_rul,14.905273714124563,100,none
kill_v1__fd001__lightgbm__piecewise_125__all_21__seed37,FD001,lightgbm,all_21,37,piecewise_125,piecewise_125,13.748668171558908,100,none
kill_v1__fd001__lightgbm__piecewise_125__all_21__seed53,FD001,lightgbm,all_21,53,piecewise_125,raw_rul,14.905273714124563,100,none
kill_v1__fd001__lightgbm__piecewise_125__all_21__seed53,FD001,lightgbm,all_21,53,piecewise_125,piecewise_125,13.748668171558908,100,none
kill_v1__fd001__lightgbm__piecewise_125__all_21__seed71,FD001,lightgbm,all_21,71,piecewise_125,raw_rul,14.905273714124563,100,none
kill_v1__fd001__lightgbm__piecewise_125__all_21__seed71,FD001,lightgbm,all_21,71,piecewise_125,piecewise_125,13.748668171558908,100,none
kill_v1__fd001__lightgbm__piecewise_125__common_14__seed11,FD001,lightgbm,common_14,11,piecewise_125,raw_rul,14.905273714124563,100,none
kill_v1__fd001__lightgbm__piecewise_125__common_14__seed11,FD001,lightgbm,common_14,11,piecewise_125,piecewise_125,13.748668171558908,100,none
kill_v1__fd001__lightgbm__piecewise_125__common_14__seed23,FD001,lightgbm,common_14,23,piecewise_125,raw_rul,14.905273714124563,100,none
kill_v1__fd001__lightgbm__piecewise_125__common_14__seed23,FD001,lightgbm,common_14,23,piecewise_125,piecewise_125,13.748668171558908,100,none
kill_v1__fd001__lightgbm__piecewise_125__common_14__seed37,FD001,lightgbm,common_14,37,piecewise_125,raw_rul,14.905273714124563,100,none
kill_v1__fd001__lightgbm__piecewise_125__common_14__seed37,FD001,lightgbm,common_14,37,piecewise_125,piecewise_125,13.748668171558908,100,none
kill_v1__fd001__lightgbm__piecewise_125__common_14__seed53,FD001,lightgbm,common_14,53,piecewise_125,raw_rul,14.905273714124563,100,none
kill_v1__fd001__lightgbm__piecewise_125__common_14__seed53,FD001,lightgbm,common_14,53,piecewise_125,piecewise_125,13.748668171558908,100,none
kill_v1__fd001__lightgbm__piecewise_125__common_14__seed71,FD001,lightgbm,common_14,71,piecewise_125,raw_rul,14.905273714124563,100,none
kill_v1__fd001__lightgbm__piecewise_125__common_14__seed71,FD001,lightgbm,common_14,71,piecewise_125,piecewise_125,13.748668171558908,100,none
kill_v1__fd001__lightgbm__linear_uncapped__all_21__seed11,FD001,lightgbm,all_21,11,linear_uncapped,raw_rul,26.4534641611722,100,none
kill_v1__fd001__lightgbm__linear_uncapped__all_21__seed11,FD001,lightgbm,all_21,11,linear_uncapped,piecewise_125,27.006180951553205,100,none
kill_v1__fd001__lightgbm__linear_uncapped__all_21__seed23,FD001,lightgbm,all_21,23,linear_uncapped,raw_rul,26.4534641611722,100,none
kill_v1__fd001__lightgbm__linear_uncapped__all_21__seed23,FD001,lightgbm,all_21,23,linear_uncapped,piecewise_125,27.006180951553205,100,none
kill_v1__fd001__lightgbm__linear_uncapped__all_21__seed37,FD001,lightgbm,all_21,37,linear_uncapped,raw_rul,26.4534641611722,100,none
kill_v1__fd001__lightgbm__linear_uncapped__all_21__seed37,FD001,lightgbm,all_21,37,linear_uncapped,piecewise_125,27.006180951553205,100,none
kill_v1__fd001__lightgbm__linear_uncapped__all_21__seed53,FD001,lightgbm,all_21,53,linear_uncapped,raw_rul,26.4534641611722,100,none
kill_v1__fd001__lightgbm__linear_uncapped__all_21__seed53,FD001,lightgbm,all_21,53,linear_uncapped,piecewise_125,27.006180951553205,100,none
kill_v1__fd001__lightgbm__linear_uncapped__all_21__seed71,FD001,lightgbm,all_21,71,linear_uncapped,raw_rul,26.4534641611722,100,none
kill_v1__fd001__lightgbm__linear_uncapped__all_21__seed71,FD001,lightgbm,all_21,71,linear_uncapped,piecewise_125,27.006180951553205,100,none
kill_v1__fd001__lightgbm__linear_uncapped__common_14__seed11,FD001,lightgbm,common_14,11,linear_uncapped,raw_rul,26.82481261139879,100,none
kill_v1__fd001__lightgbm__linear_uncapped__common_14__seed11,FD001,lightgbm,common_14,11,linear_uncapped,piecewise_125,27.408096551540115,100,none
kill_v1__fd001__lightgbm__linear_uncapped__common_14__seed23,FD001,lightgbm,common_14,23,linear_uncapped,raw_rul,26.82481261139879,100,none
kill_v1__fd001__lightgbm__linear_uncapped__common_14__seed23,FD001,lightgbm,common_14,23,linear_uncapped,piecewise_125,27.408096551540115,100,none
kill_v1__fd001__lightgbm__linear_uncapped__common_14__seed37,FD001,lightgbm,common_14,37,linear_uncapped,raw_rul,26.82481261139879,100,none
kill_v1__fd001__lightgbm__linear_uncapped__common_14__seed37,FD001,lightgbm,common_14,37,linear_uncapped,piecewise_125,27.408096551540115,100,none
kill_v1__fd001__lightgbm__linear_uncapped__common_14__seed53,FD001,lightgbm,common_14,53,linear_uncapped,raw_rul,26.82481261139879,100,none
kill_v1__fd001__lightgbm__linear_uncapped__common_14__seed53,FD001,lightgbm,common_14,53,linear_uncapped,piecewise_125,27.408096551540115,100,none
kill_v1__fd001__lightgbm__linear_uncapped__common_14__seed71,FD001,lightgbm,common_14,71,linear_uncapped,raw_rul,26.82481261139879,100,none
kill_v1__fd001__lightgbm__linear_uncapped__common_14__seed71,FD001,lightgbm,common_14,71,linear_uncapped,piecewise_125,27.408096551540115,100,none
kill_v1__fd004__lstm__piecewise_125__all_21__seed11,FD004,lstm,all_21,11,piecewise_125,raw_rul,54.52390015588457,248,none
kill_v1__fd004__lstm__piecewise_125__all_21__seed11,FD004,lstm,all_21,11,piecewise_125,piecewise_125,43.86600104512802,248,none
kill_v1__fd004__lstm__piecewise_125__all_21__seed23,FD004,lstm,all_21,23,piecewise_125,raw_rul,54.52406024865034,248,none
kill_v1__fd004__lstm__piecewise_125__all_21__seed23,FD004,lstm,all_21,23,piecewise_125,piecewise_125,43.88150503471881,248,none
kill_v1__fd004__lstm__piecewise_125__all_21__seed37,FD004,lstm,all_21,37,piecewise_125,raw_rul,54.5239649391074,248,none
kill_v1__fd004__lstm__piecewise_125__all_21__seed37,FD004,lstm,all_21,37,piecewise_125,piecewise_125,43.8745660361304,248,none
kill_v1__fd004__lstm__piecewise_125__all_21__seed53,FD004,lstm,all_21,53,piecewise_125,raw_rul,54.524005985911984,248,none
kill_v1__fd004__lstm__piecewise_125__all_21__seed53,FD004,lstm,all_21,53,piecewise_125,piecewise_125,43.87718501544799,248,none
kill_v1__fd004__lstm__piecewise_125__all_21__seed71,FD004,lstm,all_21,71,piecewise_125,raw_rul,54.52390619764496,248,none
kill_v1__fd004__lstm__piecewise_125__all_21__seed71,FD004,lstm,all_21,71,piecewise_125,piecewise_125,43.86721258725309,248,none
kill_v1__fd004__lstm__piecewise_125__common_14__seed11,FD004,lstm,common_14,11,piecewise_125,raw_rul,54.52395045893178,248,none
kill_v1__fd004__lstm__piecewise_125__common_14__seed11,FD004,lstm,common_14,11,piecewise_125,piecewise_125,43.87363606890154,248,none
kill_v1__fd004__lstm__piecewise_125__common_14__seed23,FD004,lstm,common_14,23,piecewise_125,raw_rul,54.52415552212629,248,none
kill_v1__fd004__lstm__piecewise_125__common_14__seed23,FD004,lstm,common_14,23,piecewise_125,piecewise_125,43.88932651180193,248,none
kill_v1__fd004__lstm__piecewise_125__common_14__seed37,FD004,lstm,common_14,37,piecewise_125,raw_rul,54.52410950380993,248,none
kill_v1__fd004__lstm__piecewise_125__common_14__seed37,FD004,lstm,common_14,37,piecewise_125,piecewise_125,43.88577965218462,248,none
kill_v1__fd004__lstm__piecewise_125__common_14__seed53,FD004,lstm,common_14,53,piecewise_125,raw_rul,54.52411038859738,248,none
kill_v1__fd004__lstm__piecewise_125__common_14__seed53,FD004,lstm,common_14,53,piecewise_125,piecewise_125,43.88594096203426,248,none
kill_v1__fd004__lstm__piecewise_125__common_14__seed71,FD004,lstm,common_14,71,piecewise_125,raw_rul,54.523859609992456,248,none
kill_v1__fd004__lstm__piecewise_125__common_14__seed71,FD004,lstm,common_14,71,piecewise_125,piecewise_125,43.86187838107184,248,none
kill_v1__fd004__lstm__linear_uncapped__all_21__seed11,FD004,lstm,all_21,11,linear_uncapped,raw_rul,59.62630064872301,248,none
kill_v1__fd004__lstm__linear_uncapped__all_21__seed11,FD004,lstm,all_21,11,linear_uncapped,piecewise_125,54.083525393073295,248,none
kill_v1__fd004__lstm__linear_uncapped__all_21__seed23,FD004,lstm,all_21,23,linear_uncapped,raw_rul,59.67849842911926,248,none
kill_v1__fd004__lstm__linear_uncapped__all_21__seed23,FD004,lstm,all_21,23,linear_uncapped,piecewise_125,54.16172372902329,248,none
kill_v1__fd004__lstm__linear_uncapped__all_21__seed37,FD004,lstm,all_21,37,linear_uncapped,raw_rul,59.718416335403816,248,none
kill_v1__fd004__lstm__linear_uncapped__all_21__seed37,FD004,lstm,all_21,37,linear_uncapped,piecewise_125,54.22142605579832,248,none
kill_v1__fd004__lstm__linear_uncapped__all_21__seed53,FD004,lstm,all_21,53,linear_uncapped,raw_rul,59.685418249832686,248,none
kill_v1__fd004__lstm__linear_uncapped__all_21__seed53,FD004,lstm,all_21,53,linear_uncapped,piecewise_125,54.17207894652034,248,none
kill_v1__fd004__lstm__linear_uncapped__all_21__seed71,FD004,lstm,all_21,71,linear_uncapped,raw_rul,59.66627032897916,248,none
kill_v1__fd004__lstm__linear_uncapped__all_21__seed71,FD004,lstm,all_21,71,linear_uncapped,piecewise_125,54.143420382951646,248,none
kill_v1__fd004__lstm__linear_uncapped__common_14__seed11,FD004,lstm,common_14,11,linear_uncapped,raw_rul,59.66005783347448,248,none
kill_v1__fd004__lstm__linear_uncapped__common_14__seed11,FD004,lstm,common_14,11,linear_uncapped,piecewise_125,54.13412000516315,248,none
kill_v1__fd004__lstm__linear_uncapped__common_14__seed23,FD004,lstm,common_14,23,linear_uncapped,raw_rul,59.71376313083512,248,none
kill_v1__fd004__lstm__linear_uncapped__common_14__seed23,FD004,lstm,common_14,23,linear_uncapped,piecewise_125,54.214476052794986,248,none
kill_v1__fd004__lstm__linear_uncapped__common_14__seed37,FD004,lstm,common_14,37,linear_uncapped,raw_rul,59.7672767232519,248,none
kill_v1__fd004__lstm__linear_uncapped__common_14__seed37,FD004,lstm,common_14,37,linear_uncapped,piecewise_125,54.294378551901445,248,none
kill_v1__fd004__lstm__linear_uncapped__common_14__seed53,FD004,lstm,common_14,53,linear_uncapped,raw_rul,59.72613510760162,248,none
kill_v1__fd004__lstm__linear_uncapped__common_14__seed53,FD004,lstm,common_14,53,linear_uncapped,piecewise_125,54.232961075281175,248,none
kill_v1__fd004__lstm__linear_uncapped__common_14__seed71,FD004,lstm,common_14,71,linear_uncapped,raw_rul,59.64423925500138,248,none
kill_v1__fd004__lstm__linear_uncapped__common_14__seed71,FD004,lstm,common_14,71,linear_uncapped,piecewise_125,54.11042204443672,248,none
kill_v1__fd004__cnn_1d__piecewise_125__all_21__seed11,FD004,cnn_1d,all_21,11,piecewise_125,raw_rul,35.58417097885033,248,none
kill_v1__fd004__cnn_1d__piecewise_125__all_21__seed11,FD004,cnn_1d,all_21,11,piecewise_125,piecewise_125,25.48648398572313,248,none
kill_v1__fd004__cnn_1d__piecewise_125__all_21__seed23,FD004,cnn_1d,all_21,23,piecewise_125,raw_rul,36.27068976904657,248,none
kill_v1__fd004__cnn_1d__piecewise_125__all_21__seed23,FD004,cnn_1d,all_21,23,piecewise_125,piecewise_125,26.503872265776003,248,none
kill_v1__fd004__cnn_1d__piecewise_125__all_21__seed37,FD004,cnn_1d,all_21,37,piecewise_125,raw_rul,35.52445612257839,248,none
kill_v1__fd004__cnn_1d__piecewise_125__all_21__seed37,FD004,cnn_1d,all_21,37,piecewise_125,piecewise_125,25.99845909643549,248,none
kill_v1__fd004__cnn_1d__piecewise_125__all_21__seed53,FD004,cnn_1d,all_21,53,piecewise_125,raw_rul,37.51245608682876,248,none
kill_v1__fd004__cnn_1d__piecewise_125__all_21__seed53,FD004,cnn_1d,all_21,53,piecewise_125,piecewise_125,27.179597744106,248,none
kill_v1__fd004__cnn_1d__piecewise_125__all_21__seed71,FD004,cnn_1d,all_21,71,piecewise_125,raw_rul,36.627726603832826,248,none
kill_v1__fd004__cnn_1d__piecewise_125__all_21__seed71,FD004,cnn_1d,all_21,71,piecewise_125,piecewise_125,26.796021303859508,248,none
kill_v1__fd004__cnn_1d__piecewise_125__common_14__seed11,FD004,cnn_1d,common_14,11,piecewise_125,raw_rul,37.574231451995104,248,none
kill_v1__fd004__cnn_1d__piecewise_125__common_14__seed11,FD004,cnn_1d,common_14,11,piecewise_125,piecewise_125,27.65720291066432,248,none
kill_v1__fd004__cnn_1d__piecewise_125__common_14__seed23,FD004,cnn_1d,common_14,23,piecewise_125,raw_rul,38.351461573376966,248,none
kill_v1__fd004__cnn_1d__piecewise_125__common_14__seed23,FD004,cnn_1d,common_14,23,piecewise_125,piecewise_125,28.42501511661061,248,none
kill_v1__fd004__cnn_1d__piecewise_125__common_14__seed37,FD004,cnn_1d,common_14,37,piecewise_125,raw_rul,37.600273591667815,248,none
kill_v1__fd004__cnn_1d__piecewise_125__common_14__seed37,FD004,cnn_1d,common_14,37,piecewise_125,piecewise_125,27.97029698532269,248,none
kill_v1__fd004__cnn_1d__piecewise_125__common_14__seed53,FD004,cnn_1d,common_14,53,piecewise_125,raw_rul,37.12508635998776,248,none
kill_v1__fd004__cnn_1d__piecewise_125__common_14__seed53,FD004,cnn_1d,common_14,53,piecewise_125,piecewise_125,27.99011366165493,248,none
kill_v1__fd004__cnn_1d__piecewise_125__common_14__seed71,FD004,cnn_1d,common_14,71,piecewise_125,raw_rul,38.66089451001344,248,none
kill_v1__fd004__cnn_1d__piecewise_125__common_14__seed71,FD004,cnn_1d,common_14,71,piecewise_125,piecewise_125,29.560166481325023,248,none
kill_v1__fd004__cnn_1d__linear_uncapped__all_21__seed11,FD004,cnn_1d,all_21,11,linear_uncapped,raw_rul,47.99741847181296,248,none
kill_v1__fd004__cnn_1d__linear_uncapped__all_21__seed11,FD004,cnn_1d,all_21,11,linear_uncapped,piecewise_125,51.05321299617563,248,none
kill_v1__fd004__cnn_1d__linear_uncapped__all_21__seed23,FD004,cnn_1d,all_21,23,linear_uncapped,raw_rul,48.44749649277503,248,none
kill_v1__fd004__cnn_1d__linear_uncapped__all_21__seed23,FD004,cnn_1d,all_21,23,linear_uncapped,piecewise_125,51.76001754364726,248,none
kill_v1__fd004__cnn_1d__linear_uncapped__all_21__seed37,FD004,cnn_1d,all_21,37,linear_uncapped,raw_rul,44.94995335800312,248,none
kill_v1__fd004__cnn_1d__linear_uncapped__all_21__seed37,FD004,cnn_1d,all_21,37,linear_uncapped,piecewise_125,47.00286565483609,248,none
kill_v1__fd004__cnn_1d__linear_uncapped__all_21__seed53,FD004,cnn_1d,all_21,53,linear_uncapped,raw_rul,44.21050180531648,248,none
kill_v1__fd004__cnn_1d__linear_uncapped__all_21__seed53,FD004,cnn_1d,all_21,53,linear_uncapped,piecewise_125,46.05299630364976,248,none
kill_v1__fd004__cnn_1d__linear_uncapped__all_21__seed71,FD004,cnn_1d,all_21,71,linear_uncapped,raw_rul,46.44664101348295,248,none
kill_v1__fd004__cnn_1d__linear_uncapped__all_21__seed71,FD004,cnn_1d,all_21,71,linear_uncapped,piecewise_125,48.93014922882443,248,none
kill_v1__fd004__cnn_1d__linear_uncapped__common_14__seed11,FD004,cnn_1d,common_14,11,linear_uncapped,raw_rul,45.34988689964107,248,none
kill_v1__fd004__cnn_1d__linear_uncapped__common_14__seed11,FD004,cnn_1d,common_14,11,linear_uncapped,piecewise_125,46.78293690048481,248,none
kill_v1__fd004__cnn_1d__linear_uncapped__common_14__seed23,FD004,cnn_1d,common_14,23,linear_uncapped,raw_rul,47.07546998655495,248,none
kill_v1__fd004__cnn_1d__linear_uncapped__common_14__seed23,FD004,cnn_1d,common_14,23,linear_uncapped,piecewise_125,49.29849795823292,248,none
kill_v1__fd004__cnn_1d__linear_uncapped__common_14__seed37,FD004,cnn_1d,common_14,37,linear_uncapped,raw_rul,49.26414612470028,248,none
kill_v1__fd004__cnn_1d__linear_uncapped__common_14__seed37,FD004,cnn_1d,common_14,37,linear_uncapped,piecewise_125,51.846435413312136,248,none
kill_v1__fd004__cnn_1d__linear_uncapped__common_14__seed53,FD004,cnn_1d,common_14,53,linear_uncapped,raw_rul,46.16676518304941,248,none
kill_v1__fd004__cnn_1d__linear_uncapped__common_14__seed53,FD004,cnn_1d,common_14,53,linear_uncapped,piecewise_125,48.281185698189255,248,none
kill_v1__fd004__cnn_1d__linear_uncapped__common_14__seed71,FD004,cnn_1d,common_14,71,linear_uncapped,raw_rul,45.93431590729256,248,none
kill_v1__fd004__cnn_1d__linear_uncapped__common_14__seed71,FD004,cnn_1d,common_14,71,linear_uncapped,piecewise_125,47.784898383244204,248,none
kill_v1__fd004__lightgbm__piecewise_125__all_21__seed11,FD004,lightgbm,all_21,11,piecewise_125,raw_rul,29.579171083469163,248,none
kill_v1__fd004__lightgbm__piecewise_125__all_21__seed11,FD004,lightgbm,all_21,11,piecewise_125,piecewise_125,18.278400006797057,248,none
kill_v1__fd004__lightgbm__piecewise_125__all_21__seed23,FD004,lightgbm,all_21,23,piecewise_125,raw_rul,29.579171083469163,248,none
kill_v1__fd004__lightgbm__piecewise_125__all_21__seed23,FD004,lightgbm,all_21,23,piecewise_125,piecewise_125,18.278400006797057,248,none
kill_v1__fd004__lightgbm__piecewise_125__all_21__seed37,FD004,lightgbm,all_21,37,piecewise_125,raw_rul,29.579171083469163,248,none
kill_v1__fd004__lightgbm__piecewise_125__all_21__seed37,FD004,lightgbm,all_21,37,piecewise_125,piecewise_125,18.278400006797057,248,none
kill_v1__fd004__lightgbm__piecewise_125__all_21__seed53,FD004,lightgbm,all_21,53,piecewise_125,raw_rul,29.579171083469163,248,none
kill_v1__fd004__lightgbm__piecewise_125__all_21__seed53,FD004,lightgbm,all_21,53,piecewise_125,piecewise_125,18.278400006797057,248,none
kill_v1__fd004__lightgbm__piecewise_125__all_21__seed71,FD004,lightgbm,all_21,71,piecewise_125,raw_rul,29.579171083469163,248,none
kill_v1__fd004__lightgbm__piecewise_125__all_21__seed71,FD004,lightgbm,all_21,71,piecewise_125,piecewise_125,18.278400006797057,248,none
kill_v1__fd004__lightgbm__piecewise_125__common_14__seed11,FD004,lightgbm,common_14,11,piecewise_125,raw_rul,29.591066565130856,248,none
kill_v1__fd004__lightgbm__piecewise_125__common_14__seed11,FD004,lightgbm,common_14,11,piecewise_125,piecewise_125,17.89413301052379,248,none
kill_v1__fd004__lightgbm__piecewise_125__common_14__seed23,FD004,lightgbm,common_14,23,piecewise_125,raw_rul,29.591066565130856,248,none
kill_v1__fd004__lightgbm__piecewise_125__common_14__seed23,FD004,lightgbm,common_14,23,piecewise_125,piecewise_125,17.89413301052379,248,none
kill_v1__fd004__lightgbm__piecewise_125__common_14__seed37,FD004,lightgbm,common_14,37,piecewise_125,raw_rul,29.591066565130856,248,none
kill_v1__fd004__lightgbm__piecewise_125__common_14__seed37,FD004,lightgbm,common_14,37,piecewise_125,piecewise_125,17.89413301052379,248,none
kill_v1__fd004__lightgbm__piecewise_125__common_14__seed53,FD004,lightgbm,common_14,53,piecewise_125,raw_rul,29.591066565130856,248,none
kill_v1__fd004__lightgbm__piecewise_125__common_14__seed53,FD004,lightgbm,common_14,53,piecewise_125,piecewise_125,17.89413301052379,248,none
kill_v1__fd004__lightgbm__piecewise_125__common_14__seed71,FD004,lightgbm,common_14,71,piecewise_125,raw_rul,29.591066565130856,248,none
kill_v1__fd004__lightgbm__piecewise_125__common_14__seed71,FD004,lightgbm,common_14,71,piecewise_125,piecewise_125,17.89413301052379,248,none
kill_v1__fd004__lightgbm__linear_uncapped__all_21__seed11,FD004,lightgbm,all_21,11,linear_uncapped,raw_rul,37.95734193048913,248,none
kill_v1__fd004__lightgbm__linear_uncapped__all_21__seed11,FD004,lightgbm,all_21,11,linear_uncapped,piecewise_125,43.64737449126348,248,none
kill_v1__fd004__lightgbm__linear_uncapped__all_21__seed23,FD004,lightgbm,all_21,23,linear_uncapped,raw_rul,37.95734193048913,248,none
kill_v1__fd004__lightgbm__linear_uncapped__all_21__seed23,FD004,lightgbm,all_21,23,linear_uncapped,piecewise_125,43.64737449126348,248,none
kill_v1__fd004__lightgbm__linear_uncapped__all_21__seed37,FD004,lightgbm,all_21,37,linear_uncapped,raw_rul,37.95734193048913,248,none
kill_v1__fd004__lightgbm__linear_uncapped__all_21__seed37,FD004,lightgbm,all_21,37,linear_uncapped,piecewise_125,43.64737449126348,248,none
kill_v1__fd004__lightgbm__linear_uncapped__all_21__seed53,FD004,lightgbm,all_21,53,linear_uncapped,raw_rul,37.95734193048913,248,none
kill_v1__fd004__lightgbm__linear_uncapped__all_21__seed53,FD004,lightgbm,all_21,53,linear_uncapped,piecewise_125,43.64737449126348,248,none
kill_v1__fd004__lightgbm__linear_uncapped__all_21__seed71,FD004,lightgbm,all_21,71,linear_uncapped,raw_rul,37.95734193048913,248,none
kill_v1__fd004__lightgbm__linear_uncapped__all_21__seed71,FD004,lightgbm,all_21,71,linear_uncapped,piecewise_125,43.64737449126348,248,none
kill_v1__fd004__lightgbm__linear_uncapped__common_14__seed11,FD004,lightgbm,common_14,11,linear_uncapped,raw_rul,38.42639499617943,248,none
kill_v1__fd004__lightgbm__linear_uncapped__common_14__seed11,FD004,lightgbm,common_14,11,linear_uncapped,piecewise_125,43.61687132690309,248,none
kill_v1__fd004__lightgbm__linear_uncapped__common_14__seed23,FD004,lightgbm,common_14,23,linear_uncapped,raw_rul,38.42639499617943,248,none
kill_v1__fd004__lightgbm__linear_uncapped__common_14__seed23,FD004,lightgbm,common_14,23,linear_uncapped,piecewise_125,43.61687132690309,248,none
kill_v1__fd004__lightgbm__linear_uncapped__common_14__seed37,FD004,lightgbm,common_14,37,linear_uncapped,raw_rul,38.42639499617943,248,none
kill_v1__fd004__lightgbm__linear_uncapped__common_14__seed37,FD004,lightgbm,common_14,37,linear_uncapped,piecewise_125,43.61687132690309,248,none
kill_v1__fd004__lightgbm__linear_uncapped__common_14__seed53,FD004,lightgbm,common_14,53,linear_uncapped,raw_rul,38.42639499617943,248,none
kill_v1__fd004__lightgbm__linear_uncapped__common_14__seed53,FD004,lightgbm,common_14,53,linear_uncapped,piecewise_125,43.61687132690309,248,none
kill_v1__fd004__lightgbm__linear_uncapped__common_14__seed71,FD004,lightgbm,common_14,71,linear_uncapped,raw_rul,38.42639499617943,248,none
kill_v1__fd004__lightgbm__linear_uncapped__common_14__seed71,FD004,lightgbm,common_14,71,linear_uncapped,piecewise_125,43.61687132690309,248,none
