run_id,arm,subset,split_seed,model,init_seed,target,sensors,historical_rmse,repaired_rmse,difference,difference_ci_lower,difference_ci_upper
core__fd001__s42__cnn_1d__i11__piecewise_125__common_14__scale125,core,FD001,42,cnn_1d,11,piecewise_125,common_14,21.822022009031542,15.770936130411457,-6.051085878620086,-10.202438448351026,-2.3492380586952777
core__fd001__s42__cnn_1d__i23__piecewise_125__common_14__scale125,core,FD001,42,cnn_1d,23,piecewise_125,common_14,21.957340963764498,16.21144824919714,-5.745892714567358,-9.682359931437638,-2.246887759890966
core__fd001__s42__lightgbm__i11__piecewise_125__common_14__scale125,core,FD001,42,lightgbm,11,piecewise_125,common_14,13.748668171558908,13.767391691418647,0.018723519859738857,-0.1347918247447684,0.15937896325779713
core__fd001__s42__lstm__i11__piecewise_125__common_14__scale125,core,FD001,42,lstm,11,piecewise_125,common_14,28.543073533696052,13.425865518208429,-15.117208015487623,-19.125207803898906,-11.165047687371267
core__fd001__s42__lstm__i23__piecewise_125__common_14__scale125,core,FD001,42,lstm,23,piecewise_125,common_14,20.983537342074936,13.780070151989975,-7.203467190084961,-10.092008025025757,-4.284858783454122
core__fd002__s42__cnn_1d__i11__piecewise_125__common_14__scale125,core,FD002,42,cnn_1d,11,piecewise_125,common_14,23.592439155296475,22.554285305946852,-1.038153849349623,-2.620583036741261,0.44995734006870647
core__fd002__s42__cnn_1d__i23__piecewise_125__common_14__scale125,core,FD002,42,cnn_1d,23,piecewise_125,common_14,23.45673279666044,22.408898588693077,-1.0478342079673624,-2.4608156603305367,0.32217482459072105
core__fd002__s42__lightgbm__i11__piecewise_125__common_14__scale125,core,FD002,42,lightgbm,11,piecewise_125,common_14,16.59101425784136,16.418150993572713,-0.17286326426864562,-0.5135604393690402,0.15861528761724247
core__fd002__s42__lstm__i11__piecewise_125__common_14__scale125,core,FD002,42,lstm,11,piecewise_125,common_14,43.51068885178133,16.576607283585812,-26.93408156819552,-30.23490576567581,-23.727685601889043
core__fd002__s42__lstm__i23__piecewise_125__common_14__scale125,core,FD002,42,lstm,23,piecewise_125,common_14,43.533772472417084,16.64349982133043,-26.890272651086654,-30.175881466424713,-23.647296946907684
core__fd003__s42__cnn_1d__i11__piecewise_125__common_14__scale125,core,FD003,42,cnn_1d,11,piecewise_125,common_14,22.27752081956529,21.001356037937676,-1.2761647816276138,-2.5499456128916114,-0.2465967217786817
core__fd003__s42__cnn_1d__i23__piecewise_125__common_14__scale125,core,FD003,42,cnn_1d,23,piecewise_125,common_14,22.348973542457735,21.516001820299635,-0.8329717221580992,-2.2327823500543467,0.2056253119438694
core__fd003__s42__lightgbm__i11__piecewise_125__common_14__scale125,core,FD003,42,lightgbm,11,piecewise_125,common_14,14.912520315888946,14.712650827926655,-0.19986948796229065,-0.492944820318288,0.09369578376455155
core__fd003__s42__lstm__i11__piecewise_125__common_14__scale125,core,FD003,42,lstm,11,piecewise_125,common_14,41.925841091756574,12.562045750943415,-29.36379534081316,-34.93826818003719,-23.55214837208278
core__fd003__s42__lstm__i23__piecewise_125__common_14__scale125,core,FD003,42,lstm,23,piecewise_125,common_14,41.89813827162853,14.739994519682332,-27.1581437519462,-33.00231514118579,-21.108105045433213
core__fd004__s42__cnn_1d__i11__piecewise_125__common_14__scale125,core,FD004,42,cnn_1d,11,piecewise_125,common_14,27.65720291066432,25.13807145357304,-2.51913145709128,-4.108621614563744,-0.9035056115861866
core__fd004__s42__cnn_1d__i23__piecewise_125__common_14__scale125,core,FD004,42,cnn_1d,23,piecewise_125,common_14,28.425015116610606,24.84838278609009,-3.576632330520514,-5.48067793832904,-1.6371004157058469
core__fd004__s42__lightgbm__i11__piecewise_125__common_14__scale125,core,FD004,42,lightgbm,11,piecewise_125,common_14,17.89413301052379,17.70605291365369,-0.1880800968701024,-0.3644245622899801,-0.007543811226185795
core__fd004__s42__lstm__i11__piecewise_125__common_14__scale125,core,FD004,42,lstm,11,piecewise_125,common_14,43.87363606890154,19.113168318125823,-24.760467750775717,-28.520375992569598,-21.139869976872056
core__fd004__s42__lstm__i23__piecewise_125__common_14__scale125,core,FD004,42,lstm,23,piecewise_125,common_14,43.88932651180193,18.739919059208876,-25.149407452593056,-28.935674330482993,-21.4629949609381
