subset,split_seed,model,sensors,truth,population,linear_uncapped,piecewise_125,raw_minus_capped_rmse
FD001,42,lightgbm,all_21,capped125,endpoint,26.961494198470017,13.79058544638818,13.170908752081838
FD001,42,lightgbm,all_21,capped125,equal_engine_windows,34.25009462455792,14.734871103064808,19.51522352149311
FD001,42,lightgbm,all_21,capped125,pooled_windows,33.10500046501032,15.56089354110964,17.544106923900678
FD001,42,lightgbm,all_21,raw,endpoint,26.415267223549375,14.967198327507552,11.448068896041823
FD001,42,lightgbm,all_21,raw,equal_engine_windows,37.00655022557228,41.34959486435062,-4.343044638778338
FD001,42,lightgbm,all_21,raw,pooled_windows,40.73004325442986,47.98464538198736,-7.254602127557504
FD001,42,lightgbm,common_14,capped125,endpoint,27.391964470548327,13.767391691418648,13.624572779129679
FD001,42,lightgbm,common_14,capped125,equal_engine_windows,34.474396703717424,14.723007073437175,19.75138963028025
FD001,42,lightgbm,common_14,capped125,pooled_windows,33.2366470793681,15.54780340683821,17.688843672529888
FD001,42,lightgbm,common_14,raw,endpoint,26.821056606621827,14.944116933543556,11.87693967307827
FD001,42,lightgbm,common_14,raw,equal_engine_windows,37.02244242889552,41.342223690735146,-4.319781261839623
FD001,42,lightgbm,common_14,raw,pooled_windows,40.60083062588446,47.97799875446636,-7.3771681285819
FD001,42,lstm,all_21,capped125,endpoint,22.92097995766826,14.644492822078767,8.276487135589491
FD001,42,lstm,all_21,capped125,equal_engine_windows,29.38009769731833,13.39945964345367,15.980638053864661
FD001,42,lstm,all_21,capped125,pooled_windows,27.88121597922253,13.900790239307112,13.98042573991542
FD001,42,lstm,all_21,raw,endpoint,22.501792641736436,15.672489345314156,6.82930329642228
FD001,42,lstm,all_21,raw,equal_engine_windows,34.15380148331316,38.533288567430425,-4.379487084117265
FD001,42,lstm,all_21,raw,pooled_windows,37.15008541406071,44.96309523724315,-7.8130098231824405
FD001,42,lstm,common_14,capped125,endpoint,23.821507091753443,13.425865518208427,10.395641573545015
FD001,42,lstm,common_14,capped125,equal_engine_windows,29.407222277728582,13.06094908404124,16.34627319368734
FD001,42,lstm,common_14,capped125,pooled_windows,28.00491098721397,13.56636147571344,14.438549511500531
FD001,42,lstm,common_14,raw,endpoint,23.3340386041672,14.661601083060498,8.672437521106703
FD001,42,lstm,common_14,raw,equal_engine_windows,33.73317198721432,39.24328540450457,-5.510113417290249
FD001,42,lstm,common_14,raw,pooled_windows,37.46110033731925,45.76611512012961,-8.30501478281036
FD001,137,lightgbm,all_21,capped125,endpoint,24.23488794095769,13.314018457573802,10.920869483383889
FD001,137,lightgbm,all_21,capped125,equal_engine_windows,29.71820509129413,14.615433245263842,15.102771846030288
FD001,137,lightgbm,all_21,capped125,pooled_windows,29.0590728223925,15.40101570770365,13.658057114688852
FD001,137,lightgbm,all_21,raw,endpoint,23.636021464251183,14.607472758332284,9.0285487059189
FD001,137,lightgbm,all_21,raw,equal_engine_windows,35.63393640638846,41.36615341320573,-5.732217006817272
FD001,137,lightgbm,all_21,raw,pooled_windows,40.03914889369271,47.93530520676602,-7.8961563130733055
FD001,137,lightgbm,common_14,capped125,endpoint,23.84508878690049,13.302789251930555,10.542299534969935
FD001,137,lightgbm,common_14,capped125,equal_engine_windows,29.46793683242892,14.61516005742077,14.852776775008149
FD001,137,lightgbm,common_14,capped125,pooled_windows,28.789046589015157,15.401158456737084,13.387888132278073
FD001,137,lightgbm,common_14,raw,endpoint,23.201807957164977,14.59809765780012,8.603710299364858
FD001,137,lightgbm,common_14,raw,equal_engine_windows,35.64284562410354,41.36616794024128,-5.72332231613774
FD001,137,lightgbm,common_14,raw,pooled_windows,40.070379760241416,47.93518361080344,-7.864803850562026
FD001,137,lstm,all_21,capped125,endpoint,24.699689668309237,13.788924136381205,10.910765531928032
FD001,137,lstm,all_21,capped125,equal_engine_windows,32.50922153262073,13.906057738539806,18.60316379408092
FD001,137,lstm,all_21,capped125,pooled_windows,30.90323429211105,14.36708910318125,16.5361451889298
FD001,137,lstm,all_21,raw,endpoint,24.079609370767265,15.206416217207623,8.873193153559642
FD001,137,lstm,all_21,raw,equal_engine_windows,34.916025132233294,40.06233742185528,-5.146312289621989
FD001,137,lstm,all_21,raw,pooled_windows,37.72454483701221,46.43137278319251,-8.706827946180297
FD001,137,lstm,common_14,capped125,endpoint,25.538008903773797,13.562343333566558,11.975665570207239
FD001,137,lstm,common_14,capped125,equal_engine_windows,31.98599158545697,13.713296909951849,18.27269467550512
FD001,137,lstm,common_14,capped125,pooled_windows,29.98245611126154,14.15791088861086,15.82454522265068
FD001,137,lstm,common_14,raw,endpoint,24.846732964791,14.856996068769746,9.989736896021252
FD001,137,lstm,common_14,raw,equal_engine_windows,35.24144763373927,39.76763283025182,-4.52618519651255
FD001,137,lstm,common_14,raw,pooled_windows,38.45927050025127,46.16896525310314,-7.709694752851867
FD001,271,lightgbm,all_21,capped125,endpoint,26.70431510321852,13.9150401044255,12.789274998793019
FD001,271,lightgbm,all_21,capped125,equal_engine_windows,34.81875529123867,14.39087336752058,20.427881923718093
FD001,271,lightgbm,all_21,capped125,pooled_windows,33.572515847894614,15.194119637859064,18.37839621003555
FD001,271,lightgbm,all_21,raw,endpoint,26.013667853975655,15.103705560736502,10.909962293239152
FD001,271,lightgbm,all_21,raw,equal_engine_windows,36.643295373264365,40.84842914308675,-4.205133769822382
FD001,271,lightgbm,all_21,raw,pooled_windows,40.06919561322502,47.46962808014193,-7.400432466916911
FD001,271,lightgbm,common_14,capped125,endpoint,27.146603457039834,13.824036264769578,13.322567192270256
FD001,271,lightgbm,common_14,capped125,equal_engine_windows,34.81431579338994,14.37419478442324,20.4401210089667
FD001,271,lightgbm,common_14,capped125,pooled_windows,33.57442165622709,15.175953476562391,18.398468179664697
FD001,271,lightgbm,common_14,raw,endpoint,26.47013803774608,15.049660759227772,11.420477278518307
FD001,271,lightgbm,common_14,raw,equal_engine_windows,36.64985208118228,40.82456874860035,-4.174716667418068
FD001,271,lightgbm,common_14,raw,pooled_windows,40.09490718885104,47.45224600616601,-7.357338817314968
FD001,271,lstm,all_21,capped125,endpoint,24.241942243991872,13.804588652545704,10.437353591446168
FD001,271,lstm,all_21,capped125,equal_engine_windows,28.92886076991792,13.588510911683908,15.340349858234013
FD001,271,lstm,all_21,capped125,pooled_windows,28.85903613371523,14.159421525497248,14.699614608217981
FD001,271,lstm,all_21,raw,endpoint,24.00267547138796,15.054329950945752,8.948345520442208
FD001,271,lstm,all_21,raw,equal_engine_windows,36.60242338244473,39.69964041992911,-3.097217037484384
FD001,271,lstm,all_21,raw,pooled_windows,40.97047885204543,46.22798099578387,-5.257502143738435
FD001,271,lstm,common_14,capped125,endpoint,22.61921409956193,13.26462111627375,9.35459298328818
FD001,271,lstm,common_14,capped125,equal_engine_windows,25.385801539507916,13.573535604078362,11.812265935429554
FD001,271,lstm,common_14,capped125,pooled_windows,25.265586626260664,14.239584231895186,11.026002394365477
FD001,271,lstm,common_14,raw,endpoint,22.69697336797232,14.599909416232828,8.097063951739491
FD001,271,lstm,common_14,raw,equal_engine_windows,35.18309771755626,40.09702603275409,-4.913928315197829
FD001,271,lstm,common_14,raw,pooled_windows,40.140071240473446,46.67658963069954,-6.536518390226092
FD004,42,lightgbm,all_21,capped125,endpoint,43.86858515159598,18.030861719861846,25.837723431734133
FD004,42,lightgbm,all_21,capped125,equal_engine_windows,62.33670368948077,16.834825709712696,45.501877979768075
FD004,42,lightgbm,all_21,capped125,pooled_windows,64.4676008400369,16.419628487929764,48.04797235210713
FD004,42,lightgbm,all_21,raw,endpoint,38.42058507455495,29.18502948881465,9.2355555857403
FD004,42,lightgbm,all_21,raw,equal_engine_windows,56.40666841409055,77.4985527154111,-21.091884301320547
FD004,42,lightgbm,all_21,raw,pooled_windows,66.92774425143108,99.23967586636466,-32.311931614933584
FD004,42,lightgbm,common_14,capped125,endpoint,43.9008738682636,17.70605291365369,26.194820954609913
FD004,42,lightgbm,common_14,capped125,equal_engine_windows,62.82007497330435,16.997227003560486,45.82284796974386
FD004,42,lightgbm,common_14,capped125,pooled_windows,65.81783414380072,16.43802103081259,49.37981311298813
FD004,42,lightgbm,common_14,raw,endpoint,38.35941928980831,29.40386057569014,8.955558714118169
FD004,42,lightgbm,common_14,raw,equal_engine_windows,55.78208421694731,77.92746012565405,-22.14537590870674
FD004,42,lightgbm,common_14,raw,pooled_windows,65.61818949771684,99.53726751991692,-33.91907802220008
FD004,42,lstm,all_21,capped125,endpoint,40.44729659567466,20.459832412920136,19.987464182754522
FD004,42,lstm,all_21,capped125,equal_engine_windows,49.21614355125613,18.97111991294861,30.245023638307522
FD004,42,lstm,all_21,capped125,pooled_windows,50.03244597315451,18.367526217108963,31.664919756045546
FD004,42,lstm,all_21,raw,endpoint,38.86218774860671,31.951932673623528,6.91025507498318
FD004,42,lstm,all_21,raw,equal_engine_windows,60.64691703807205,79.17629492312679,-18.529377885054743
FD004,42,lstm,all_21,raw,pooled_windows,74.95262669820613,100.59736633899423,-25.644739640788103
FD004,42,lstm,common_14,capped125,endpoint,47.44693509677736,19.113168318125823,28.333766778651537
FD004,42,lstm,common_14,capped125,equal_engine_windows,56.40957146450727,18.135363730839533,38.27420773366774
FD004,42,lstm,common_14,capped125,pooled_windows,57.55653740419291,17.53190810593108,40.02462929826183
FD004,42,lstm,common_14,raw,endpoint,44.76572375727112,30.66130550796928,14.104418249301837
FD004,42,lstm,common_14,raw,equal_engine_windows,62.28678833529968,78.4793861374832,-16.19259780218352
FD004,42,lstm,common_14,raw,pooled_windows,74.03150208966828,100.02472198684087,-25.993219897172594
FD004,137,lightgbm,all_21,capped125,endpoint,38.9006383358403,17.58861085640212,21.31202747943818
FD004,137,lightgbm,all_21,capped125,equal_engine_windows,57.11339388185223,16.782398287794788,40.33099559405744
FD004,137,lightgbm,all_21,capped125,pooled_windows,60.10072289961614,16.535459677876087,43.565263221740054
FD004,137,lightgbm,all_21,raw,endpoint,34.06880876183366,29.49831646739425,4.570492294439408
FD004,137,lightgbm,all_21,raw,equal_engine_windows,55.79826513504427,78.04318696862386,-22.24492183357959
FD004,137,lightgbm,all_21,raw,pooled_windows,68.24859627707148,99.853229656959,-31.604633379887517
FD004,137,lightgbm,common_14,capped125,endpoint,38.97558686689838,17.305758796823223,21.66982807007516
FD004,137,lightgbm,common_14,capped125,equal_engine_windows,56.76010917783988,16.748356775584487,40.0117524022554
FD004,137,lightgbm,common_14,capped125,pooled_windows,60.09662456600027,16.31424193670376,43.782382629296514
FD004,137,lightgbm,common_14,raw,endpoint,34.18349625545159,29.18999014165096,4.993506113800628
FD004,137,lightgbm,common_14,raw,equal_engine_windows,55.89915121240312,78.0256385368075,-22.126487324404387
FD004,137,lightgbm,common_14,raw,pooled_windows,67.826836100255,99.74115272148322,-31.914316621228224
FD004,137,lstm,all_21,capped125,endpoint,46.57916138996843,19.80015871687985,26.779002673088577
FD004,137,lstm,all_21,capped125,equal_engine_windows,57.84748788700642,17.942282115432686,39.90520577157373
FD004,137,lstm,all_21,capped125,pooled_windows,58.92925276545582,17.02373126631459,41.90552149914123
FD004,137,lstm,all_21,raw,endpoint,42.93300292352689,30.72189646206556,12.211106461461334
FD004,137,lstm,all_21,raw,equal_engine_windows,60.920010590214034,77.78535900187994,-16.865348411665906
FD004,137,lstm,all_21,raw,pooled_windows,73.24994017130919,99.42000467438798,-26.17006450307879
FD004,137,lstm,common_14,capped125,endpoint,46.989615234963125,19.12714226841601,27.862472966547116
FD004,137,lstm,common_14,capped125,equal_engine_windows,55.20228474981013,17.354902055470994,37.84738269433914
FD004,137,lstm,common_14,capped125,pooled_windows,57.43698074546735,17.002013361040486,40.43496738442687
FD004,137,lstm,common_14,raw,endpoint,44.516707636791146,29.66823205825266,14.848475578538487
FD004,137,lstm,common_14,raw,equal_engine_windows,61.95507395919167,76.15779430771785,-14.202720348526178
FD004,137,lstm,common_14,raw,pooled_windows,75.31771727770395,97.83107836124717,-22.513361083543217
FD004,271,lightgbm,all_21,capped125,endpoint,43.34726520092165,17.717769798418452,25.629495402503196
FD004,271,lightgbm,all_21,capped125,equal_engine_windows,58.57248521908227,16.75070658959274,41.82177862948953
FD004,271,lightgbm,all_21,capped125,pooled_windows,60.44206552617527,16.468359459307916,43.97370606686735
FD004,271,lightgbm,all_21,raw,endpoint,38.04743734259666,28.999034077026057,9.048403265570602
FD004,271,lightgbm,all_21,raw,equal_engine_windows,56.41956217424671,77.65061249866899,-21.231050324422284
FD004,271,lightgbm,all_21,raw,pooled_windows,68.40365347883795,99.48847104116636,-31.08481756232841
FD004,271,lightgbm,common_14,capped125,endpoint,43.17244441506668,17.707046992495787,25.46539742257089
FD004,271,lightgbm,common_14,capped125,equal_engine_windows,57.53437723617341,16.844548062445803,40.68982917372761
FD004,271,lightgbm,common_14,capped125,pooled_windows,60.15193220699786,16.226977707473555,43.924954499524304
FD004,271,lightgbm,common_14,raw,endpoint,38.02711509955746,29.1183168960786,8.908798203478863
FD004,271,lightgbm,common_14,raw,equal_engine_windows,56.25567694090257,77.82772725565415,-21.572050314751586
FD004,271,lightgbm,common_14,raw,pooled_windows,68.06659570140427,99.44906823492111,-31.382472533516847
FD004,271,lstm,all_21,capped125,endpoint,41.71924381471595,19.910769246586074,21.808474568129878
FD004,271,lstm,all_21,capped125,equal_engine_windows,53.46141604211213,18.322827040609177,35.13858900150295
FD004,271,lstm,all_21,capped125,pooled_windows,54.80299077717986,17.470260230647117,37.332730546532744
FD004,271,lstm,all_21,raw,endpoint,38.35712591368261,31.256988638753704,7.100137274928905
FD004,271,lstm,all_21,raw,equal_engine_windows,59.788289681562354,78.46260488031183,-18.674315198749476
FD004,271,lstm,all_21,raw,pooled_windows,72.89659575266386,99.9503852153527,-27.05378946268884
FD004,271,lstm,common_14,capped125,endpoint,41.9951248810109,20.18618985728013,21.808935023730772
FD004,271,lstm,common_14,capped125,equal_engine_windows,48.898169249079054,18.74519406741602,30.152975181663034
FD004,271,lstm,common_14,capped125,pooled_windows,51.677642681039714,18.19847949415259,33.47916318688712
FD004,271,lstm,common_14,raw,endpoint,40.87113046194026,32.17956411465875,8.691566347281508
FD004,271,lstm,common_14,raw,equal_engine_windows,62.29321146158795,80.19038226203588,-17.89717080044793
FD004,271,lstm,common_14,raw,pooled_windows,76.38849462899215,101.85337845456073,-25.464883825568577
