subset,split_seed,model,sensors,engines,above_cap_engines,mse_difference_on_capped_truth,mse_difference_on_raw_truth,within_cap_contribution,above_cap_contribution_capped_truth,above_cap_contribution_raw_truth,truth_change_mse_difference,identity_max_absolute_error
FD001,42,lstm,common_14,100,11,387.21033520944155,329.5148112619642,350.47012203727485,36.74021317216669,-20.955310775310654,-57.69552394747734,1.1368683772161603e-13
FD001,42,lstm,all_21,100,11,310.9101522039136,260.7037498127183,278.88639176764633,32.0237604362672,-18.182641954928098,-50.2064023911953,2.2737367544323206e-13
FD001,42,lightgbm,common_14,100,11,560.7786435708388,496.04244657218885,512.6533819640625,48.12526160677615,-16.610935391873703,-64.73619699864986,2.2737367544323206e-13
FD001,42,lightgbm,all_21,100,11,536.7419224599987,473.74931671657714,487.1963180873929,49.54560437260583,-13.447001370815842,-62.99260574342167,1.1368683772161603e-13
FD001,137,lstm,common_14,100,11,468.25274207169247,396.62980683619213,387.13874199028595,81.11400008140645,9.491064845906116,-71.62293523550034,5.684341886080802e-14
FD001,137,lstm,all_21,100,11,419.94024087190587,348.59249327778764,352.09855426028366,67.84168661162215,-3.506060982495967,-71.34774759411812,2.2737367544323206e-13
FD001,137,lightgbm,common_14,100,11,391.6240573738885,325.2194372544948,324.4867170631739,67.13734031071459,0.7327201913209024,-66.40462011939367,4.547473508864641e-13
FD001,137,lightgbm,all_21,100,11,410.06670602216093,345.2832502731229,339.5612665522238,70.50543946993724,5.721983720899081,-64.78345574903817,1.1368683772161603e-13
FD001,271,lstm,common_14,100,11,335.6786731235258,301.9952451042406,340.87183167907614,-5.19315855555036,-38.87658657483556,-33.6834280192852,5.684341886080802e-14
FD001,271,lstm,all_21,100,11,397.10509589504414,349.49557951282674,386.20212332220086,10.902972572843225,-36.70654380937418,-47.60951638221741,2.2737367544323206e-13
FD001,271,lightgbm,common_14,100,11,545.8341006041026,474.17591876949183,486.12462167428254,59.709478929819944,-11.948702904790661,-71.6581818346106,2.2737367544323206e-13
FD001,271,lightgbm,all_21,100,11,519.4921040242147,448.5889935515437,462.493454496636,56.998649527578664,-13.904460945092264,-70.90311047267093,4.547473508864641e-13
FD004,42,lstm,common_14,248,67,1885.898446920794,1063.8543680592807,1342.1777858191272,543.7206611016669,-278.3234177598465,-822.0440788615134,3.637978807091713e-12
FD004,42,lstm,all_21,248,67,1217.3790595336975,489.3436350281867,879.0447496402858,338.3343098934115,-389.70111461209905,-728.0354245055106,9.094947017729282e-13
FD004,42,lightgbm,common_14,248,67,1613.7824166160854,606.8580314966927,705.53526097219,908.2471556438956,-98.67722947549738,-1006.9243851193929,3.637978807091713e-12
FD004,42,lightgbm,all_21,248,67,1599.340788842048,624.3754112081341,736.9053411799651,862.4354476620829,-112.52992997183115,-974.965377633914,1.8189894035458565e-12
FD004,137,lstm,common_14,248,67,1842.1763685736528,1101.5332653572086,1384.2048746976586,457.97149387599427,-282.67160934045,-740.6431032164443,1.8189894035458565e-12
FD004,137,lstm,all_21,248,67,1777.571990579092,899.4078178056924,1153.8068137023479,623.7651768767445,-254.39899589665512,-878.1641727733996,4.547473508864641e-13
FD004,137,lightgbm,common_14,248,67,1219.607084085317,316.45589177679227,538.5871355145977,681.0199485707195,-222.13124373780545,-903.1511923085249,1.8189894035458565e-12
FD004,137,lightgbm,all_21,248,67,1203.9004310779014,290.53305603985115,513.562140377685,690.3382907002165,-223.0290843378338,-913.3673750380503,1.8189894035458565e-12
FD004,271,lstm,common_14,248,67,1356.1082528175414,634.9249586275076,972.7702742928582,383.33797852468325,-337.84531566535054,-721.1832941900337,9.094947017729282e-13
FD004,271,lstm,all_21,248,67,1344.0565724809176,494.26976959492356,733.1001102687698,610.9564622121477,-238.83034067384622,-849.7868028859938,4.547473508864641e-13
FD004,271,lightgbm,common_14,248,67,1550.3204435775679,598.1851039345347,815.8429028888917,734.4775406886761,-217.65779895435685,-952.1353396430328,1.8189894035458565e-12
FD004,271,lightgbm,all_21,248,67,1565.0660337692834,606.6635109382999,802.9727150941163,762.0933186751673,-196.3092041558164,-958.4025228309837,3.637978807091713e-12
