run_id,arm,subset,split_seed,model,init_seed,target,sensors,best_val_rmse,best_epoch,epochs_completed,max_epochs_used,extended,stopped_early,cap_with_recent_best,parameters,target_scale,device,training_seconds,test_prediction_range,best_iteration,iterations_evaluated,deterministic_single_record
core__fd001__s137__cnn_1d__i11__piecewise_125__common_14__scale125,core,FD001,137,cnn_1d,11,piecewise_125,common_14,14.419121382629314,68.0,83.0,150.0,False,True,False,16961.0,125.0,cuda:0,32.53927570000087,154.16123066097498,,,
core__fd001__s137__cnn_1d__i23__piecewise_125__common_14__scale125,core,FD001,137,cnn_1d,23,piecewise_125,common_14,14.306054380693196,59.0,74.0,150.0,False,True,False,16961.0,125.0,cuda:0,28.99303620000137,146.11952379345894,,,
core__fd001__s137__lightgbm__i11__piecewise_125__common_14__scale125,core,FD001,137,lightgbm,11,piecewise_125,common_14,14.439819604991534,,,,,,False,,,cpu,38.22624120000546,134.0877529667056,1129.0,1179.0,True
core__fd001__s137__lstm__i11__piecewise_125__common_14__scale125,core,FD001,137,lstm,11,piecewise_125,common_14,12.852959704784695,30.0,45.0,150.0,False,True,False,20545.0,125.0,cuda:0,13.639154799995595,135.13185735791922,,,
core__fd001__s137__lstm__i23__piecewise_125__common_14__scale125,core,FD001,137,lstm,23,piecewise_125,common_14,13.132625919116046,54.0,69.0,150.0,False,True,False,20545.0,125.0,cuda:0,27.516942199996265,145.28545457869768,,,
core__fd001__s271__cnn_1d__i11__piecewise_125__common_14__scale125,core,FD001,271,cnn_1d,11,piecewise_125,common_14,14.250365202611498,42.0,57.0,150.0,False,True,False,16961.0,125.0,cuda:0,23.362961599996197,150.13153571635485,,,
core__fd001__s271__cnn_1d__i23__piecewise_125__common_14__scale125,core,FD001,271,cnn_1d,23,piecewise_125,common_14,13.86407876311196,61.0,76.0,150.0,False,True,False,16961.0,125.0,cuda:0,29.796315999999933,155.0050564110279,,,
core__fd001__s271__lightgbm__i11__piecewise_125__common_14__scale125,core,FD001,271,lightgbm,11,piecewise_125,common_14,14.238525210374844,,,,,,False,,,cpu,43.07121329999791,138.12377834227314,994.0,1044.0,True
core__fd001__s271__lstm__i11__piecewise_125__common_14__scale125,core,FD001,271,lstm,11,piecewise_125,common_14,13.004948518768323,30.0,45.0,150.0,False,True,False,20545.0,125.0,cuda:0,19.30999989999691,136.7576541379094,,,
core__fd001__s271__lstm__i23__piecewise_125__common_14__scale125,core,FD001,271,lstm,23,piecewise_125,common_14,12.843665670996446,41.0,56.0,150.0,False,True,False,20545.0,125.0,cuda:0,24.611035200003244,141.83408301323652,,,
core__fd001__s42__cnn_1d__i11__piecewise_125__common_14__scale125,core,FD001,42,cnn_1d,11,piecewise_125,common_14,14.872157587454968,44.0,59.0,150.0,False,True,False,16961.0,125.0,cuda:0,14.309092000003147,152.9949987307191,,,
core__fd001__s42__cnn_1d__i23__piecewise_125__common_14__scale125,core,FD001,42,cnn_1d,23,piecewise_125,common_14,14.857250863657711,85.0,100.0,150.0,False,True,False,16961.0,125.0,cuda:0,24.41603369999939,155.96536546945572,,,
core__fd001__s42__lightgbm__i11__piecewise_125__common_14__scale125,core,FD001,42,lightgbm,11,piecewise_125,common_14,15.202109043374827,,,,,,False,,,cpu,36.968400999998266,135.80340096187427,948.0,998.0,True
core__fd001__s42__lstm__i11__piecewise_125__common_14__scale125,core,FD001,42,lstm,11,piecewise_125,common_14,11.93356188942125,48.0,63.0,150.0,False,True,False,20545.0,125.0,cuda:0,18.053542499998002,141.76675397902727,,,
core__fd001__s42__lstm__i23__piecewise_125__common_14__scale125,core,FD001,42,lstm,23,piecewise_125,common_14,12.092153019196326,52.0,67.0,150.0,False,True,False,20545.0,125.0,cuda:0,20.61906050000107,143.96345615386963,,,
core__fd002__s137__cnn_1d__i11__piecewise_125__common_14__scale125,core,FD002,137,cnn_1d,11,piecewise_125,common_14,23.42329398238412,42.0,57.0,150.0,False,True,False,16961.0,125.0,cuda:0,63.92293770000106,154.6495333313942,,,
core__fd002__s137__cnn_1d__i23__piecewise_125__common_14__scale125,core,FD002,137,cnn_1d,23,piecewise_125,common_14,22.77719221863777,58.0,73.0,150.0,False,True,False,16961.0,125.0,cuda:0,83.52246800000285,159.82210263609886,,,
core__fd002__s137__lightgbm__i11__piecewise_125__common_14__scale125,core,FD002,137,lightgbm,11,piecewise_125,common_14,18.598003434368962,,,,,,True,,,cpu,134.26996989999316,141.28392554097408,1500.0,1500.0,True
core__fd002__s137__lstm__i11__piecewise_125__common_14__scale125,core,FD002,137,lstm,11,piecewise_125,common_14,18.29589188202781,91.0,106.0,150.0,False,True,False,20545.0,125.0,cuda:0,132.9236838999932,144.82560195028782,,,
core__fd002__s137__lstm__i23__piecewise_125__common_14__scale125,core,FD002,137,lstm,23,piecewise_125,common_14,18.15206295170716,78.0,93.0,150.0,False,True,False,20545.0,125.0,cuda:0,114.8680566999974,152.66375988721848,,,
core__fd002__s271__cnn_1d__i11__piecewise_125__common_14__scale125,core,FD002,271,cnn_1d,11,piecewise_125,common_14,22.344791312290162,29.0,44.0,150.0,False,True,False,16961.0,125.0,cuda:0,33.40531500000361,168.2681404054165,,,
core__fd002__s271__cnn_1d__i23__piecewise_125__common_14__scale125,core,FD002,271,cnn_1d,23,piecewise_125,common_14,21.963287927896932,35.0,50.0,150.0,False,True,False,16961.0,125.0,cuda:0,45.69868929999939,170.4262774437666,,,
core__fd002__s271__lightgbm__i11__piecewise_125__common_14__scale125,core,FD002,271,lightgbm,11,piecewise_125,common_14,18.15474481052607,,,,,,False,,,cpu,133.54861089999758,140.96747212680518,1264.0,1314.0,True
core__fd002__s271__lstm__i11__piecewise_125__common_14__scale125,core,FD002,271,lstm,11,piecewise_125,common_14,18.182951677888123,41.0,56.0,150.0,False,True,False,20545.0,125.0,cuda:0,53.34211539999524,151.56924352049828,,,
core__fd002__s271__lstm__i23__piecewise_125__common_14__scale125,core,FD002,271,lstm,23,piecewise_125,common_14,18.800565870439332,57.0,72.0,150.0,False,True,False,20545.0,125.0,cuda:0,56.27937750000274,158.9429173618555,,,
core__fd002__s42__cnn_1d__i11__piecewise_125__common_14__scale125,core,FD002,42,cnn_1d,11,piecewise_125,common_14,21.64885469291596,48.0,63.0,150.0,False,True,False,16961.0,125.0,cuda:0,70.45947200000228,163.91069628298283,,,
core__fd002__s42__cnn_1d__i23__piecewise_125__common_14__scale125,core,FD002,42,cnn_1d,23,piecewise_125,common_14,21.13784548264825,35.0,50.0,150.0,False,True,False,16961.0,125.0,cuda:0,57.084949700001744,155.46786598861217,,,
core__fd002__s42__lightgbm__i11__piecewise_125__common_14__scale125,core,FD002,42,lightgbm,11,piecewise_125,common_14,16.98312015365552,,,,,,False,,,cpu,133.6490147000004,138.42952562947275,1362.0,1412.0,True
core__fd002__s42__lstm__i11__piecewise_125__common_14__scale125,core,FD002,42,lstm,11,piecewise_125,common_14,16.90066491255403,71.0,86.0,150.0,False,True,False,20545.0,125.0,cuda:0,89.88471500000014,145.57018131017685,,,
core__fd002__s42__lstm__i23__piecewise_125__common_14__scale125,core,FD002,42,lstm,23,piecewise_125,common_14,17.033112363389854,70.0,85.0,150.0,False,True,False,20545.0,125.0,cuda:0,100.65480550000211,146.10389806330204,,,
core__fd003__s137__cnn_1d__i11__piecewise_125__common_14__scale125,core,FD003,137,cnn_1d,11,piecewise_125,common_14,21.22282734200461,18.0,33.0,150.0,False,True,False,16961.0,125.0,cuda:0,18.676613800002087,125.14812080189586,,,
core__fd003__s137__cnn_1d__i23__piecewise_125__common_14__scale125,core,FD003,137,cnn_1d,23,piecewise_125,common_14,21.343395990717436,6.0,21.0,150.0,False,True,False,16961.0,125.0,cuda:0,12.409358900004008,141.7700070887804,,,
core__fd003__s137__lightgbm__i11__piecewise_125__common_14__scale125,core,FD003,137,lightgbm,11,piecewise_125,common_14,14.451561925423139,,,,,,True,,,cpu,81.28994119999697,135.893385693199,1499.0,1500.0,True
core__fd003__s137__lstm__i11__piecewise_125__common_14__scale125,core,FD003,137,lstm,11,piecewise_125,common_14,12.925784609813158,66.0,81.0,150.0,False,True,False,20545.0,125.0,cuda:0,46.676694400004635,127.07685865461826,,,
core__fd003__s137__lstm__i23__piecewise_125__common_14__scale125,core,FD003,137,lstm,23,piecewise_125,common_14,13.114527014832548,93.0,108.0,150.0,False,True,False,20545.0,125.0,cuda:0,67.90649050000502,144.01546865701675,,,
core__fd003__s271__cnn_1d__i11__piecewise_125__common_14__scale125,core,FD003,271,cnn_1d,11,piecewise_125,common_14,17.980872908392794,17.0,32.0,150.0,False,True,False,16961.0,125.0,cuda:0,18.233301599997503,130.8604758232832,,,
core__fd003__s271__cnn_1d__i23__piecewise_125__common_14__scale125,core,FD003,271,cnn_1d,23,piecewise_125,common_14,13.460428132205516,109.0,124.0,150.0,False,True,False,16961.0,125.0,cuda:0,60.71986850000394,146.77059836685658,,,
core__fd003__s271__lightgbm__i11__piecewise_125__common_14__scale125,core,FD003,271,lightgbm,11,piecewise_125,common_14,12.535085404491525,,,,,,False,,,cpu,77.00864999999612,133.50634505767357,1421.0,1471.0,True
core__fd003__s271__lstm__i11__piecewise_125__common_14__scale125,core,FD003,271,lstm,11,piecewise_125,common_14,13.416088769758106,17.0,32.0,150.0,False,True,False,20545.0,125.0,cuda:0,19.01264799999626,132.35981855541468,,,
core__fd003__s271__lstm__i23__piecewise_125__common_14__scale125,core,FD003,271,lstm,23,piecewise_125,common_14,11.100817882914676,75.0,90.0,150.0,False,True,False,20545.0,125.0,cuda:0,55.733924399995885,144.39014252275229,,,
core__fd003__s42__cnn_1d__i11__piecewise_125__common_14__scale125,core,FD003,42,cnn_1d,11,piecewise_125,common_14,18.35910072722948,28.0,43.0,150.0,False,True,False,16961.0,125.0,cuda:0,23.877247999997053,129.71182726323605,,,
core__fd003__s42__cnn_1d__i23__piecewise_125__common_14__scale125,core,FD003,42,cnn_1d,23,piecewise_125,common_14,18.558735814716893,16.0,31.0,150.0,False,True,False,16961.0,125.0,cuda:0,17.408328000004985,130.98472356796265,,,
core__fd003__s42__lightgbm__i11__piecewise_125__common_14__scale125,core,FD003,42,lightgbm,11,piecewise_125,common_14,13.237663858031585,,,,,,False,,,cpu,72.23655610000424,131.37895642336616,1289.0,1339.0,True
core__fd003__s42__lstm__i11__piecewise_125__common_14__scale125,core,FD003,42,lstm,11,piecewise_125,common_14,12.443112859724083,67.0,82.0,150.0,False,True,False,20545.0,125.0,cuda:0,47.62513659999968,130.19577413797379,,,
core__fd003__s42__lstm__i23__piecewise_125__common_14__scale125,core,FD003,42,lstm,23,piecewise_125,common_14,13.476300132092147,41.0,56.0,150.0,False,True,False,20545.0,125.0,cuda:0,32.35887559999537,144.9548676609993,,,
core__fd004__s137__cnn_1d__i11__piecewise_125__common_14__scale125,core,FD004,137,cnn_1d,11,piecewise_125,common_14,26.140002250360393,18.0,33.0,150.0,False,True,False,16961.0,125.0,cuda:0,42.31227339999896,137.31633592396975,,,
core__fd004__s137__cnn_1d__i23__piecewise_125__common_14__scale125,core,FD004,137,cnn_1d,23,piecewise_125,common_14,25.391411005601043,32.0,47.0,150.0,False,True,False,16961.0,125.0,cuda:0,54.76315549999708,150.09572729468346,,,
core__fd004__s137__lightgbm__i11__piecewise_125__common_14__scale125,core,FD004,137,lightgbm,11,piecewise_125,common_14,20.340830697701318,,,,,,True,,,cpu,149.14315270000225,138.44811043257835,1494.0,1500.0,True
core__fd004__s137__lstm__i11__piecewise_125__common_14__scale125,core,FD004,137,lstm,11,piecewise_125,common_14,20.546286770494348,88.0,103.0,150.0,False,True,False,20545.0,125.0,cuda:0,141.24908120000327,161.83003596961498,,,
core__fd004__s137__lstm__i23__piecewise_125__common_14__scale125,core,FD004,137,lstm,23,piecewise_125,common_14,20.20103803028637,88.0,103.0,150.0,False,True,False,20545.0,125.0,cuda:0,153.39717519999977,161.55540943145752,,,
core__fd004__s271__cnn_1d__i11__piecewise_125__common_14__scale125,core,FD004,271,cnn_1d,11,piecewise_125,common_14,22.83962075639184,44.0,59.0,150.0,False,True,False,16961.0,125.0,cuda:0,52.46066419999988,163.07131946086884,,,
core__fd004__s271__cnn_1d__i23__piecewise_125__common_14__scale125,core,FD004,271,cnn_1d,23,piecewise_125,common_14,22.604292813899455,45.0,60.0,150.0,False,True,False,16961.0,125.0,cuda:0,51.249091199999384,162.89606876671314,,,
core__fd004__s271__lightgbm__i11__piecewise_125__common_14__scale125,core,FD004,271,lightgbm,11,piecewise_125,common_14,17.802898276193726,,,,,,True,,,cpu,115.63416190000135,138.01017417187867,1487.0,1500.0,True
core__fd004__s271__lstm__i11__piecewise_125__common_14__scale125,core,FD004,271,lstm,11,piecewise_125,common_14,18.409773696279082,46.0,61.0,150.0,False,True,False,20545.0,125.0,cuda:0,79.98764590000064,176.10200121998787,,,
core__fd004__s271__lstm__i23__piecewise_125__common_14__scale125,core,FD004,271,lstm,23,piecewise_125,common_14,18.267464275089424,76.0,91.0,150.0,False,True,False,20545.0,125.0,cuda:0,116.47936149999441,162.08223439753056,,,
core__fd004__s42__cnn_1d__i11__piecewise_125__common_14__scale125,core,FD004,42,cnn_1d,11,piecewise_125,common_14,22.81163936230857,25.0,40.0,150.0,False,True,False,16961.0,125.0,cuda:0,39.781242299999576,169.14477944374084,,,
core__fd004__s42__cnn_1d__i23__piecewise_125__common_14__scale125,core,FD004,42,cnn_1d,23,piecewise_125,common_14,22.450575760188304,51.0,66.0,150.0,False,True,False,16961.0,125.0,cuda:0,77.12139229999593,168.30253787338734,,,
core__fd004__s42__lightgbm__i11__piecewise_125__common_14__scale125,core,FD004,42,lightgbm,11,piecewise_125,common_14,18.612505957714703,,,,,,False,,,cpu,95.82199499999842,142.68864947402278,831.0,881.0,True
core__fd004__s42__lstm__i11__piecewise_125__common_14__scale125,core,FD004,42,lstm,11,piecewise_125,common_14,18.50999759999289,148.0,150.0,150.0,False,False,True,20545.0,125.0,cuda:0,230.91005020000011,161.78547963500023,,,
core__fd004__s42__lstm__i23__piecewise_125__common_14__scale125,core,FD004,42,lstm,23,piecewise_125,common_14,17.861500437579263,121.0,136.0,150.0,False,True,False,20545.0,125.0,cuda:0,197.8676545000053,147.4929079413414,,,
factor__fd001__s137__lightgbm__i11__linear_uncapped__all_21__scale125,factor,FD001,137,lightgbm,11,linear_uncapped,all_21,37.35328124928436,,,,,,False,,,cpu,36.28927359999943,228.4026359494418,622.0,672.0,True
factor__fd001__s137__lightgbm__i11__linear_uncapped__common_14__scale125,factor,FD001,137,lightgbm,11,linear_uncapped,common_14,37.51017841653491,,,,,,False,,,cpu,26.966661099999328,220.9216821039081,451.0,501.0,True
factor__fd001__s137__lightgbm__i11__piecewise_125__all_21__scale125,factor,FD001,137,lightgbm,11,piecewise_125,all_21,14.440966758145864,,,,,,False,,,cpu,60.46439480000117,133.89259919144564,1143.0,1193.0,True
factor__fd001__s137__lstm__i11__linear_uncapped__all_21__scale125,factor,FD001,137,lstm,11,linear_uncapped,all_21,33.63200293759234,25.0,40.0,150.0,False,True,False,22337.0,125.0,cuda:0,13.521787899997435,208.70989188551903,,,
factor__fd001__s137__lstm__i11__linear_uncapped__common_14__scale125,factor,FD001,137,lstm,11,linear_uncapped,common_14,33.32209312389962,19.0,34.0,150.0,False,True,False,20545.0,125.0,cuda:0,12.857999400002882,226.47982835769653,,,
factor__fd001__s137__lstm__i11__piecewise_125__all_21__scale125,factor,FD001,137,lstm,11,piecewise_125,all_21,13.204848660165778,39.0,54.0,150.0,False,True,False,22337.0,125.0,cuda:0,18.532897799996135,137.91339588351548,,,
factor__fd001__s271__lightgbm__i11__linear_uncapped__all_21__scale125,factor,FD001,271,lightgbm,11,linear_uncapped,all_21,27.618228065229864,,,,,,False,,,cpu,29.476614999999583,233.04965038751288,454.0,504.0,True
factor__fd001__s271__lightgbm__i11__linear_uncapped__common_14__scale125,factor,FD001,271,lightgbm,11,linear_uncapped,common_14,27.610528528304997,,,,,,False,,,cpu,26.822994399997697,234.69596817053085,440.0,490.0,True
factor__fd001__s271__lightgbm__i11__piecewise_125__all_21__scale125,factor,FD001,271,lightgbm,11,piecewise_125,all_21,14.27306040960444,,,,,,False,,,cpu,45.575452800003404,137.52489491184826,726.0,776.0,True
factor__fd001__s271__lstm__i11__linear_uncapped__all_21__scale125,factor,FD001,271,lstm,11,linear_uncapped,all_21,26.872665328830863,4.0,20.0,150.0,False,True,False,22337.0,125.0,cuda:0,6.693674900001497,203.887484036386,,,
factor__fd001__s271__lstm__i11__linear_uncapped__common_14__scale125,factor,FD001,271,lstm,11,linear_uncapped,common_14,26.455756379277574,5.0,20.0,150.0,False,True,False,20545.0,125.0,cuda:0,7.044963199994527,197.89568707346916,,,
factor__fd001__s271__lstm__i11__piecewise_125__all_21__scale125,factor,FD001,271,lstm,11,piecewise_125,all_21,13.225019726890967,30.0,45.0,150.0,False,True,False,22337.0,125.0,cuda:0,17.45091510000202,141.73414884135127,,,
factor__fd001__s42__lightgbm__i11__linear_uncapped__all_21__scale125,factor,FD001,42,lightgbm,11,linear_uncapped,all_21,32.254582171476024,,,,,,False,,,cpu,20.284890599999926,228.18471495661873,445.0,495.0,True
factor__fd001__s42__lightgbm__i11__linear_uncapped__common_14__scale125,factor,FD001,42,lightgbm,11,linear_uncapped,common_14,31.89890583591011,,,,,,False,,,cpu,30.70949589999509,228.68190632714317,833.0,883.0,True
factor__fd001__s42__lightgbm__i11__piecewise_125__all_21__scale125,factor,FD001,42,lightgbm,11,piecewise_125,all_21,15.212201553907754,,,,,,False,,,cpu,37.34128860000055,135.39350144766848,820.0,870.0,True
factor__fd001__s42__lstm__i11__linear_uncapped__all_21__scale125,factor,FD001,42,lstm,11,linear_uncapped,all_21,27.0344203346711,15.0,30.0,150.0,False,True,False,22337.0,125.0,cuda:0,9.65687180000532,195.22007927298546,,,
factor__fd001__s42__lstm__i11__linear_uncapped__common_14__scale125,factor,FD001,42,lstm,11,linear_uncapped,common_14,26.401931868273827,16.0,31.0,150.0,False,True,False,20545.0,125.0,cuda:0,10.318457800000033,196.44615426659584,,,
factor__fd001__s42__lstm__i11__piecewise_125__all_21__scale125,factor,FD001,42,lstm,11,piecewise_125,all_21,12.122058736567341,38.0,53.0,150.0,False,True,False,22337.0,125.0,cuda:0,18.623895199998515,144.1994917113334,,,
factor__fd004__s137__lightgbm__i11__linear_uncapped__all_21__scale125,factor,FD004,137,lightgbm,11,linear_uncapped,all_21,55.79123607761158,,,,,,False,,,cpu,88.23926670000219,323.5278157488567,646.0,696.0,True
factor__fd004__s137__lightgbm__i11__linear_uncapped__common_14__scale125,factor,FD004,137,lightgbm,11,linear_uncapped,common_14,56.077483110799875,,,,,,True,,,cpu,149.96835790000478,323.299047975306,1489.0,1500.0,True
factor__fd004__s137__lightgbm__i11__piecewise_125__all_21__scale125,factor,FD004,137,lightgbm,11,piecewise_125,all_21,20.108602493600564,,,,,,False,,,cpu,117.29981269999553,140.29564084215414,1114.0,1164.0,True
factor__fd004__s137__lstm__i11__linear_uncapped__all_21__scale125,factor,FD004,137,lstm,11,linear_uncapped,all_21,59.43063099407662,51.0,66.0,150.0,False,True,False,22337.0,125.0,cuda:0,84.29963049999787,327.1925300359726,,,
factor__fd004__s137__lstm__i11__linear_uncapped__common_14__scale125,factor,FD004,137,lstm,11,linear_uncapped,common_14,62.399547993780224,63.0,78.0,150.0,False,True,False,20545.0,125.0,cuda:0,102.28053530000034,304.2806452140212,,,
factor__fd004__s137__lstm__i11__piecewise_125__all_21__scale125,factor,FD004,137,lstm,11,piecewise_125,all_21,20.756251381708726,77.0,92.0,150.0,False,True,False,22337.0,125.0,cuda:0,121.38514679999935,144.8837574571371,,,
factor__fd004__s271__lightgbm__i11__linear_uncapped__all_21__scale125,factor,FD004,271,lightgbm,11,linear_uncapped,all_21,44.1710679887426,,,,,,False,,,cpu,47.497725499997614,301.0905307143427,236.0,286.0,True
factor__fd004__s271__lightgbm__i11__linear_uncapped__common_14__scale125,factor,FD004,271,lightgbm,11,linear_uncapped,common_14,44.82511438416747,,,,,,False,,,cpu,58.26602840000123,316.8970843780592,496.0,546.0,True
factor__fd004__s271__lightgbm__i11__piecewise_125__all_21__scale125,factor,FD004,271,lightgbm,11,piecewise_125,all_21,17.664806111555606,,,,,,True,,,cpu,194.68565889999445,139.12327126705765,1499.0,1500.0,True
factor__fd004__s271__lstm__i11__linear_uncapped__all_21__scale125,factor,FD004,271,lstm,11,linear_uncapped,all_21,44.289226772936175,53.0,68.0,150.0,False,True,False,22337.0,125.0,cuda:0,87.65959239999938,283.0766588449478,,,
factor__fd004__s271__lstm__i11__linear_uncapped__common_14__scale125,factor,FD004,271,lstm,11,linear_uncapped,common_14,48.145195399415464,52.0,67.0,150.0,False,True,False,20545.0,125.0,cuda:0,67.80633769999986,251.8282812088728,,,
factor__fd004__s271__lstm__i11__piecewise_125__all_21__scale125,factor,FD004,271,lstm,11,piecewise_125,all_21,18.192265452698194,79.0,94.0,150.0,False,True,False,22337.0,125.0,cuda:0,112.85495199999423,161.2691441550851,,,
factor__fd004__s42__lightgbm__i11__linear_uncapped__all_21__scale125,factor,FD004,42,lightgbm,11,linear_uncapped,all_21,48.624556661404156,,,,,,False,,,cpu,45.05085119999421,309.90304064633875,203.0,253.0,True
factor__fd004__s42__lightgbm__i11__linear_uncapped__common_14__scale125,factor,FD004,42,lightgbm,11,linear_uncapped,common_14,47.60992911278883,,,,,,True,,,cpu,156.52350529999967,338.38635799400686,1500.0,1500.0,True
factor__fd004__s42__lightgbm__i11__piecewise_125__all_21__scale125,factor,FD004,42,lightgbm,11,piecewise_125,all_21,18.552470487240708,,,,,,True,,,cpu,193.46798929999932,144.92862320468424,1499.0,1500.0,True
factor__fd004__s42__lstm__i11__linear_uncapped__all_21__scale125,factor,FD004,42,lstm,11,linear_uncapped,all_21,48.89548459722801,40.0,55.0,150.0,False,True,False,22337.0,125.0,cuda:0,61.459767000000284,276.27532836049795,,,
factor__fd004__s42__lstm__i11__linear_uncapped__common_14__scale125,factor,FD004,42,lstm,11,linear_uncapped,common_14,49.56421179295642,67.0,82.0,150.0,False,True,False,20545.0,125.0,cuda:0,87.84681009999622,322.51714915037155,,,
factor__fd004__s42__lstm__i11__piecewise_125__all_21__scale125,factor,FD004,42,lstm,11,piecewise_125,all_21,19.29303059725447,74.0,89.0,150.0,False,True,False,22337.0,125.0,cuda:0,110.85275510000065,174.40403951331973,,,
