paper_id,title,year,venue,dataset_subsets,reported_rul_cap,cap_category,normalization_fit_scope,test_window_policy,validation_boundary,seed_reporting,repetition_count_reported,run_level_dispersion,rmse_nasa_pair,code_path,cmapss_all_four,n_cmapss_included,source_quality,verification_basis,protocol_notes
C01,A Deep Learning Model for Remaining Useful Life Prediction of Aircraft Turbofan Engine on C-MAPSS Dataset,2022,IEEE Access,C-MAPSS FD001; FD002; FD003; FD004,FD001=78; FD002=103; FD003=79; FD004=87,other_explicit,not_confirmed,endpoint_per_engine,unclear,not_reported,no,absent,yes,none_or_nonreproducible,yes,no,C,local_pdf_preflight_pass,"Validation set appears only as an undefined Algorithm 2 symbol; no validation split is constructed. Four architectures plus window/threshold grids are selected by the lowest reported RMSE/Score, so test-set reuse cannot be ruled out. The reported window 12 controls label-knee detection, not a documented LSTM sample window."
C02,Remaining useful life estimation via transformer encoder enhanced by a gated convolutional unit,2021,Journal of Intelligent Manufacturing,C-MAPSS FD001; FD002; FD003; FD004,125,cap_125,not_confirmed,endpoint_per_engine,unclear,not_reported,no,absent,no,none_or_nonreproducible,yes,no,C,local_pdf_preflight_pass,Model input sequence length and stride are not reported; convolution kernel size 3 is a GCU kernel and must not be treated as the sample window; validation construction is NR; hyperparameters are described as empirical
C03,Remaining useful life prediction of aero-engine enabled by fusing knowledge and deep learning models,2023,Reliability Engineering & System Safety,C-MAPSS FD001; FD002; FD003; FD004,125,cap_125,not_confirmed,endpoint_per_engine,separate_non_test,not_reported,yes,usable,yes,none_or_nonreproducible,yes,no,C,local_pdf_preflight_pass,Five percent of training samples are randomly selected for validation; allocation by engine versus window and the random seed are NR; early stopping uses 20 validation-loss epochs without improvement; formal issue year 2023 after 2022 online-first publication
C04,Dynamic predictive maintenance strategy for system remaining useful life prediction via deep learning ensemble method,2024,Reliability Engineering & System Safety,C-MAPSS FD001; separate PHM08 experiment,130,other_explicit,not_confirmed,endpoint_per_engine,unclear,not_reported,yes,absent,yes,none_or_nonreproducible,no,no,C,local_pdf_preflight_pass,A validation dataset is repeatedly used for tuning but its construction is NR; Table 3 emphasizes best-of-10 RMSE=13.22 and Score=232.24 while means are 13.77 and 269.88; the official test protocol and the separate maintenance split must not be conflated
C05,A prognostic driven predictive maintenance framework based on Bayesian deep learning,2023,Reliability Engineering & System Safety,C-MAPSS FD001,125,cap_125,not_confirmed,endpoint_per_engine,unclear,not_reported,yes,absent,yes,none_or_nonreproducible,no,no,C,local_pdf_preflight_pass,Cross-validation is mentioned for loss-weight tuning without fold or allocation details. The official test evaluation and the separate 80/20 split of complete training trajectories serve different purposes and must not be conflated. Table 1 reports one aggregate SC/RMSE/AC row after 20 simulations without run-level dispersion.
C06,Sensor-aware CapsNet: Towards trustworthy multisensory fusion for remaining useful life prediction,2024,Journal of Manufacturing Systems,C-MAPSS FD001; FD002; FD003; FD004,NR,unreported,train_or_source_only,endpoint_per_engine,test_monitored_or_tuned,not_reported,no,absent,yes,none_or_nonreproducible,yes,no,C,local_pdf_preflight_pass,"The paper evaluates test datasets at every training epoch to plot UCS/RMSE and compares dropout 0.5/0.7/0.9 using test metrics; this creates test-monitoring and selection risk. Training augmentation uses Gaussian noise, random scaling and random amplification"
C07,An attention-based temporal convolutional network method for predicting remaining useful life of aero-engine,2024,Engineering Applications of Artificial Intelligence,C-MAPSS FD001; FD002; FD003; FD004,125,cap_125,not_confirmed,all_window_or_chunk,unclear,not_reported,yes,absent,yes,none_or_nonreproducible,yes,no,C,local_pdf_preflight_pass,No validation split or grid-search selection set is reported; hyperparameters are chosen by grid search. Testing all overlapping windows differs from the standard one-endpoint-per-engine policy and changes the metric denominator
C08,Bi-LSTM-Based Two-Stream Network for Machine Remaining Useful Life Prediction,2022,IEEE Transactions on Instrumentation and Measurement,C-MAPSS FD001; FD002; FD003; FD004,125,cap_125,not_confirmed,endpoint_per_engine,unclear,not_reported,no,absent,yes,some_code_path,yes,no,C,local_pdf_preflight_pass,"Training data are divided into five folds and four folds are used at each epoch; fold rotation, held-out-fold purpose, and engine-versus-window allocation are not specified; normalization fit scope and seed are NR"
C09,Global attention mechanism based deep learning for remaining useful life prediction of aero-engine,2023,Measurement,C-MAPSS FD001; FD002; FD003; FD004,125,cap_125,not_confirmed,endpoint_per_engine,test_monitored_or_tuned,not_reported,no,absent,yes,none_or_nonreproducible,yes,no,C,local_pdf_preflight_pass,"Reported training-sample counts are incompatible with the stated window lengths and standard subset trajectory totals. Reduction ratio r=2 is selected by comparing test RMSE/Score across r values, an explicit test-set tuning risk; no validation split is reported"
C10,Remaining Useful Life Prediction on C-MAPSS Dataset via Joint Autoencoder-Regression Architecture,2022,30th Signal Processing and Communications Applications Conference (SIU),C-MAPSS FD001,120,other_explicit,train_or_source_only,unclear_or_nonindependent,unclear,not_reported,no,absent,yes,none_or_nonreproducible,no,no,C,local_pdf_preflight_pass,"No validation split or fitness-data boundary is reported. The best result is selected from 300 models, then the top 50 are refined with two noise levels and pruning and the best is again reported, creating severe best-of-search/test-reuse risk. Local IEEE PDF is user-entitled and redistribution-restricted"
C11,Remaining useful life prediction for turbofan engines using an attention-based data-driven deep-learning approach,2025,PeerJ Computer Science,C-MAPSS FD001; FD003,150,other_explicit,not_confirmed,unclear_or_nonindependent,test_monitored_or_tuned,not_reported,no,absent,yes,none_or_nonreproducible,no,no,C,local_pdf_preflight_pass,"Table 5/7 report FD001 Score=212.18 while Table 6 reports 217.18; ablation prose claims three architectures but its table only lists FD001/FD003 final results; limitations says exclusive FD001 despite FD003 results; comparisons reuse literature values; supplement has placeholder feature/sequence code, uses test as validation, specifies 100 epochs and MSE versus the paper's 120 epochs and Score loss, and omits FD003"
C12,A Statistical Analysis of the State-of-the-Art Transformer-Based Remaining Useful Life Models on C-MAPSS FD001,2026,DATA 2026,C-MAPSS FD001,125,cap_125,not_confirmed,unclear_or_nonindependent,separate_non_test,exact_values,yes,usable,yes,some_code_path,no,no,B,local_pdf_preflight_pass,reproduction changes the original AGATT objective from RMSE loss to asymmetric NASA score loss; nominal data split fixed across seeds
C13,A Hybrid CNN-GRU Approach for Robust and Explainable Remaining Useful Life Prediction of Turbofan Engines,2026,International Journal of Energy Research,C-MAPSS FD001; FD002; FD003; FD004,125,cap_125,train_or_source_only,unclear_or_nonindependent,separate_non_test,exact_values,yes,usable,no,none_or_nonreproducible,yes,no,C,remote_exact_fulltext_no_local_preflight,AdamW lr=0.001 weight decay=0.01 batch=128 maximum 150 epochs with early stopping; Table 2 reports FD001-FD004; an experimental-setup passage says all experiments used FD001; seed wording is internally inconsistent; exact institutional PDF text was remotely assessed but direct download remains HTTP 403 and no local preflight exists
C14,Leakage-Robust Evaluation and Data-Scale Sensitivity of Attention-Enhanced Multi-Task Learning for Joint Fault Diagnosis and Remaining Useful Life Estimation,2026,arXiv,C-MAPSS FD001,"125); four RUL-threshold classes""",cap_125,train_or_source_only,all_window_or_chunk,separate_non_test,exact_values,yes,usable,no,none_or_nonreproducible,no,no,C,local_pdf_preflight_pass,7
C15,Effects of Window and Batch Size on Autoencoder-LSTM Models for Remaining Useful Life Prediction,2026,Machines,C-MAPSS FD001; FD004,125,cap_125,train_or_source_only,endpoint_per_engine,separate_non_test,count_only,yes,usable,yes,none_or_nonreproducible,no,no,B,local_pdf_preflight_pass,20% of training units reserved for validation; train-only AE pretraining; official test units
C16,Multi-Resolution LSTM-Based Prediction Model for Remaining Useful Life of Aero-Engine,2024,IEEE Transactions on Vehicular Technology,C-MAPSS FD002/FD004; N-CMAPSS DS01-DS07,125,cap_125,not_confirmed,unclear_or_nonindependent,unclear,not_reported,yes,absent,yes,none_or_nonreproducible,no,yes,C,local_pdf_preflight_pass,Formal issue year 2024 after 2023 online-first publication; window reporting conflicts between setup and results; C-MAPSS comparison values for other methods are taken from references; N-CMAPSS 70/30 split does not state unit-level isolation
C17,Bayesian gated-transformer model for risk-aware prediction of aero-engine remaining useful life,2024,Expert Systems with Applications,"C-MAPSS FD001-FD004; N-CMAPSS DS01-DS07, DS08a and DS08c; DS08d excluded as unreadable",C-MAPSS=125; N-CMAPSS=65,cap_125,not_confirmed,unclear_or_nonindependent,unclear,not_reported,no,absent,yes,none_or_nonreproducible,yes,yes,C,local_pdf_preflight_pass,"No validation-set construction, seed, or preprocessing fit scope is reported. N-CMAPSS records within each cycle are divided into acceleration/uniform/deceleration phases and averaged; DS08d is omitted because it could not be opened"
C18,Domain adaptation via alignment of operation profile for Remaining Useful Lifetime prediction,2024,Reliability Engineering & System Safety,"N-CMAPSS DS03; short/medium/long flight domains; S-to-L, S-to-M, M-to-L",NR,unreported,train_or_source_only,unclear_or_nonindependent,transductive_no_independent_test,not_reported,no,partial_unclear,yes,none_or_nonreproducible,no,yes,C,local_pdf_preflight_pass,Formal issue year 2024; transductive UDA protocol: 3 domains x 5 units; source/target domain data are used jointly without an independent test-training split; N-CMAPSS migration anchor
C21,ProgNet: A Transferable Deep Network for Aircraft Engine Damage Propagation Prognosis under Real Flight Conditions,2023,Aerospace,N-CMAPSS DS01-DS08; entire target dataset,NR,unreported,not_confirmed,unclear_or_nonindependent,transductive_no_independent_test,not_reported,no,absent,yes,some_code_path,no,yes,C,local_pdf_preflight_pass," ""formal citation year 2023 after December 2022 online publication; transfer from PrognosEase synthetic source domain; manual trial-and-error hyperparameters"""
