paper_id,title,year,venue,doi,source_url,dataset_subsets,label_type,rul_cap,sensor_set,sensor_selection_rule,window_length,window_stride,normalization_method,normalization_fit_scope,test_window_policy,metrics,seeds,repetitions,variance_reported,code_available,notes,verification_status
C01,"A Deep Learning Model for Remaining Useful Life Prediction of Aircraft Turbofan Engine on C-MAPSS Dataset",2022,"IEEE Access",10.1109/access.2022.3203406,https://ieeexplore.ieee.org/ielx7/6287639/9668973/09874872.pdf?tp=&arnumber=9874872&isnumber=9668973&ref=,"C-MAPSS FD001; FD002; FD003; FD004","subdataset-specific piecewise-linear RUL; plateau/initial RUL inferred from training by non-overlapping sensor windows and thresholded centroid-distance knee detection","FD001=78; FD002=103; FD003=79; FD004=87","FD001=14/24 features; FD002=24/24; FD003=16/24; FD004=24/24; 24 comprises 21 sensors + 3 operating settings","correlation with RUL; FD001 excludes op-1/op-2/op-3 and sensors 1/5/6/10/16/18/19 at r<=10%; FD003 excludes op-1/op-2/op-3 and sensors 1/5/16/18/19 at r<=10%; FD002/FD004 retain all 24 at r>5%","label-knee search windows 5 or 12; selected 12 for all subsets; LSTM input sequence length NR","label-knee windows are non-overlapping; model-input stride NR","per-feature z-score after moving-median filtering","NR; formula uses each sensor output mean/SD and the flowchart preprocesses before train/test branching, so train-only fitting cannot be confirmed","one engine-level RUL prediction per official test engine at its final observed trajectory endpoint; temporal sequence packaging/aggregation NR","RMSE; PHM08/NASA Score",NR,"NR; hundreds of hyperparameter configurations/runs are reported but not independent repeated trials","no SD/CI or repeated-run distribution","no repository; MATLAB implementation only described","Validation set appears only as an undefined Algorithm 2 symbol; no validation split is constructed. Four architectures plus window/threshold grids are selected by the lowest reported RMSE/Score, so test-set reuse cannot be ruled out. The reported window 12 controls label-knee detection, not a documented LSTM sample window.",full_text_verified_pdf_pass
C05,"A prognostic driven predictive maintenance framework based on Bayesian deep learning",2023,"Reliability Engineering & System Safety",10.1016/j.ress.2023.109181,https://zhuangliangliang.com/images/paper/Zhuang-2023-RESS.pdf,"C-MAPSS FD001","piecewise-linear RUL; linear decline with a maximum value of 125",125,"all 21 sensor signals + 3 operational variables + cycle time (25 inputs)","none; the paper explicitly states that no feature-extraction step is used",25,NR,"min-max normalization applied to each window/sample","NR; the text says each sample is normalized but does not state whether bounds are per-window or fitted on training data","official 100-engine test set: one RUL error per engine at the official truncated endpoint for SC/RMSE/AC; separate PdM evaluation uses complete FD001 training trajectories with units 1-80 for network training and units 81-100 for performance validation; uncertainty examples query selected test engines at multiple cycles","PHM08/NASA Score; RMSE; accuracy within [-13,10]; 95% predictive intervals; maintenance cost rate",NR,"20 simulations for the prognostic comparison; 1000 stochastic forward passes per test evaluation","predictive intervals are reported for selected engines; no seed list or run-level SD/CI for the 20 simulations","no code repository located; Keras/TensorFlow in Google Colab is described","Cross-validation is mentioned for loss-weight tuning without fold or allocation details. The official test evaluation and the separate 80/20 split of complete training trajectories serve different purposes and must not be conflated. Table 1 reports one aggregate SC/RMSE/AC row after 20 simulations without run-level dispersion.",full_text_verified_pdf_pass
C11,"Remaining useful life prediction for turbofan engines using an attention-based data-driven deep-learning approach",2025,"PeerJ Computer Science",10.7717/peerj-cs.3438,https://peerj.com/articles/cs-3438.pdf,"C-MAPSS FD001; FD003","piecewise-linear RUL; RUL=max_cycle-current_cycle capped at 150",150,"13 sensors: 2,3,4,7,8,9,11,12,13,14,15,17,21","sensors 1,5,6,10,16,18,19 excluded as constant; sensor 20 is neither retained nor explained","FD001=31; FD003=60",1,"z-score normalization","fit scope NR","paper evaluates predictions for test samples/windows; final-window or engine-level aggregation NR; official Python supplement passes test windows as validation data","RMSE; NASA Score; MAE","NR; supplement declares random_state=1 but does not apply it",NR,"no SD/CI or repeated-run distribution","Official Python and Markdown supplements exist but are incomplete/non-executable and protocol-inconsistent","Table 5/7 report FD001 Score=212.18 while Table 6 reports 217.18; ablation prose claims three architectures but its table only lists FD001/FD003 final results; limitations says exclusive FD001 despite FD003 results; comparisons reuse literature values; supplement has placeholder feature/sequence code, uses test as validation, specifies 100 epochs and MSE versus the paper's 120 epochs and Score loss, and omits FD003",full_text_verified_pdf_pass
C13,"A Hybrid CNN-GRU Approach for Robust and Explainable Remaining Useful Life Prediction of Turbofan Engines",2026,"International Journal of Energy Research",10.1155/er/7022062,https://acikerisim.dicle.edu.tr/bitstreams/2609b5bf-4d16-4f23-ba2c-131e3118c1b8/download,"C-MAPSS FD001; FD002; FD003; FD004","piecewise-linear RUL with cap 125",125,"all 21 sensors + 3 operating settings","no manual feature selection; all channels retained",30,1,"feature normalization; exact transform NR","fit on engine-wise training split only; applied unchanged to validation/test","FD001 training engines split 80/20 train/validation; official test engines kept unseen; final test-window or engine-level aggregation NR","RMSE; MAE; MAPE; R2","42 declared for all experiments; robustness section also says different random seeds, other values NR",3,"mean +/- SD over three runs",NR,"AdamW lr=0.001 weight decay=0.01 batch=128 maximum 150 epochs with early stopping; Table 2 reports FD001-FD004; an experimental-setup passage says all experiments used FD001; seed wording is internally inconsistent; exact institutional PDF text was remotely assessed but direct download remains HTTP 403 and no local preflight exists",full_text_verified_remote_institutional_pdf_no_local_preflight
C14,"Leakage-Robust Evaluation and Data-Scale Sensitivity of Attention-Enhanced Multi-Task Learning for Joint Fault Diagnosis and Remaining Useful Life Estimation",2026,arXiv,10.48550/arxiv.2607.16493,https://arxiv.org/pdf/2607.16493,"C-MAPSS FD001", "RUL=min(cycle_max-cycle,125); four RUL-threshold classes",125,"14 sensors + 2 operating settings (16 features)","7 near-zero-variance sensors removed; IDs not stated",30,1,"MinMaxScaler features; RobustScaler RUL","fit on train windows only; applied to val/test","chunk windows; 70/15/15 chunk split; 2,520 test windows", "RMSE; MAE; R2; classification metrics; no NASA Score", "42,123,2024,7,99",5,"mean +/- SD; 95% CI; one-way ANOVA and Tukey HSD",NR,"Leakage audit compares row-random, window-random and chunk-based protocols; SMOTE only on train",full_text_verified_pdf_pass
C15,"Effects of Window and Batch Size on Autoencoder-LSTM Models for Remaining Useful Life Prediction",2026,Machines,10.3390/machines14020135,https://mdpi.com/2075-1702/14/2/135,"C-MAPSS FD001; FD004","RUL=max_cycle-cycle for train; training cap 125; official test labels",125,"17 input features: 14 dynamic sensors + 3 settings","constant sensors 1,5,6,10,16,18,19 removed", "10-100 cycles (step 2)",1,"MinMaxScaler to [0,1]","fit exclusively on training set; validation application not explicit","one last W-length window per test engine; edge-pad if shorter", "RMSE; C-MAPSS Score; MAE; R2; training time; bootstrap 95% CI", "5 random seeds (values NR)",5,"mean; 95% bootstrap CI; Wilcoxon paired tests; seed variability",NR,"20% of training units reserved for validation; train-only AE pretraining; official test units",full_text_verified_pdf_pass
C20,"Aircraft Engine Run-to-Failure Dataset under Real Flight Conditions for Prognostics and Diagnostics",2021,Data,10.3390/data6010005,https://doi.org/10.3390/data6010005,"N-CMAPSS DS01-DS08","RUL provided in cycles; no label cap specified",NR,"14 measured sensors + 14 virtual sensors; 4 scenario descriptors; 10 health parameters","dataset paper; no model sensor-selection rule",NR,NR,"dataset paper does not prescribe normalization","NR","development/test HDF5 files with unit and cycle identifiers; no model test-window policy", "RMSE and NASA scoring function definitions",NR,NR,"dataset technical validation; no repeated model seeds", "Jupyter notebooks provided by NASA repository", "dataset anchor; not counted as a model-paper protocol cell",full_text_verified_pdf_pass
C21,"ProgNet: A Transferable Deep Network for Aircraft Engine Damage Propagation Prognosis under Real Flight Conditions",2023,Aerospace,10.3390/aerospace10010010,https://doi.org/10.3390/aerospace10010010,"N-CMAPSS DS01-DS08; entire target dataset", "RUL in cycles; no cap described",NR,"14 measured features reduced by PCA to 5, then correlation-selected features","wavelet denoising; PCA and correlation heatmap; exact final count NR",NR,NR,"min-max normalization after denoising/PCA","fit scope not reported","entire N-CMAPSS target dataset fine-tuned; independent test isolation not described", "RMSE; NASA-style score S; 90/95/99% confidence intervals",NR,NR,"single reported run; uncertainty intervals; no seed distribution", "MATLAB File Exchange preparation/application example", "formal citation year 2023 after December 2022 online publication; transfer from PrognosEase synthetic source domain; manual trial-and-error hyperparameters",full_text_verified_pdf_pass
C22,"Performance Benchmarking and Analysis of Prognostic Methods for CMAPSS Datasets",2014,"International Journal of Prognostics and Health Management",10.36001/ijphm.2014.v5i2.2236,https://doi.org/10.36001/ijphm.2014.v5i2.2236,"C-MAPSS datasets #1-#5","cross-paper review; no single label construction",NR,"cross-paper; sensor subsets vary by reviewed publication", "review reports common sensor down-selection and normalization guidance",NR,NR,"cross-paper; normalization/operating-condition adjustment varies",NR,"NASA train/test datasets; recommendations include held-out validation where applicable", "PHM08 Score; MSE; FPR; FNR; MAPE; MAE; correlation; dispersion measures",NR,NR,"reported benchmark tables and cross-paper comparisons; no common seed protocol",NR,"historical synthesis and benchmark guidance; not a reproducible single-model cell",full_text_verified_pdf_pass
C23,"Review and Analysis of Algorithmic Approaches Developed for Prognostics on CMAPSS Dataset",2014,"PHM Society Conference",10.36001/phmconf.2014.v6i1.2512,https://doi.org/10.36001/phmconf.2014.v6i1.2512,"C-MAPSS datasets #1-#5","cross-paper review; test RUL supplied for datasets #1-#4; no single cap",NR,"cross-paper; reviewed methods use heterogeneous sensor subsets", "review notes sensor down-selection and operating-condition normalization",NR,NR,"cross-paper and method dependent",NR,"train/test repositories; recommends internal train/validation splits during development", "PHM08 Score plus error and classification measures by reviewed paper",NR,NR,"review-level summary; no common repetitions or variance contract",NR,"historical review anchor; protocol fields are heterogeneous by design",full_text_verified_pdf_pass
C12,"A Statistical Analysis of the State-of-the-Art Transformer-Based Remaining Useful Life Models on C-MAPSS FD001",2026,"DATA 2026",10.5220/0015076000004091,https://www.scitepress.org/Papers/2026/150760/150760.pdf,"C-MAPSS FD001","piecewise-linear RUL with cap 125; reproduction preserves AGATT input construction",125,"14 informative sensors after removal of constant channels","constant channels removed; sensor identifiers NR",30,NR,"original AGATT preprocessing described as preserved; exact normalization NR",NR,"fixed official FD001 train-test structure; explicit fixed validation when available otherwise 20% of training data; split unit NR","RMSE final; NASA Score used as training loss and monitored metric","1001-1030",30,"mean +/- SD; 95% CI; best run; standardized z comparison","public GitHub repository stated; URL NR in PDF text","reproduction changes the original AGATT objective from RMSE loss to asymmetric NASA score loss; nominal data split fixed across seeds",full_text_verified_pdf_pass
C24,"Damage propagation modeling for aircraft engine run-to-failure simulation",2008,"International Conference on Prognostics and Health Management",10.1109/phm.2008.4711414,https://ntrs.nasa.gov/citations/20090029214,"PHM 2008 C-MAPSS challenge data","true RUL derived from simulated failure threshold; test and validation trajectories pruned before failure",NR,"operational variables and simulated engine sensor outputs","dataset-generation paper; no model sensor-selection rule",NR,NR,"dataset paper does not prescribe model normalization",NR,"training trajectories end at failure; test and validation trajectories are truncated; validation withheld until competition close","PHM08 asymmetric exponential score; error and correlation discussed",NR,NR,"dataset/competition design; no repeated model-run protocol",NR,"C-MAPSS origin anchor; not counted as a model-paper protocol cell",full_text_verified_pdf_pass
C25,"The Elephant in the Room: Towards A Reliable Time-Series Anomaly Detection Benchmark",2024,"NeurIPS Datasets and Benchmarks Track",10.52202/079017-3437,https://proceedings.neurips.cc/paper_files/paper/2024/hash/c3f3c690b7a99fba16d0efd35cb83b2c-Abstract-Datasets_and_Benchmarks_Track.html,"TSB-AD-U/M; 40 datasets; 1070 curated time series","anomaly labels; not an RUL study",NR,"heterogeneous univariate and multivariate time series","three-stage dataset curation using human perception and algorithmic tests",NR,NR,"z-normalization for benchmark comparison",NR,"15% of time series from each dataset allocated to hyperparameter tuning; remainder used for evaluation","10 anomaly measures assessed; VUS-PR selected; Friedman and post-hoc Nemenyi tests",NR,NR,"cross-dataset statistical comparison; seed policy NR","https://github.com/TheDatumOrg/TSB-AD","adjacent-domain benchmark-audit anchor; not counted as a C-MAPSS model-paper protocol cell",full_text_verified_pdf_pass
C18,"Domain adaptation via alignment of operation profile for Remaining Useful Lifetime prediction",2024,"Reliability Engineering & System Safety",10.1016/j.ress.2023.109718,https://arxiv.org/pdf/2302.01704,"N-CMAPSS DS03; short/medium/long flight domains; S-to-L, S-to-M, M-to-L","fault-onset RUL normalized per unit from 1 to 0; unsupervised target labels withheld",NR,"18 sensor/scenario values; virtual sensors and model health parameters excluded","18 values retained after excluding simulator-only virtual sensors and health parameters",50,1,"Chebyshev order-8 downsample factor 10 to 0.1 Hz; min-max scaling to [-1,1]","scaler fit on source domain for each task; applied to target","all source and target domain data participate in training; no test-training split; target labels not used","RMSE; NASA score; Proxy A-distance (PAD)",NR,NR,"Table 3 reports mean +/- std; repetition count and seed values NR","NR","Formal issue year 2024; transductive UDA protocol: 3 domains x 5 units; source/target domain data are used jointly without an independent test-training split; N-CMAPSS migration anchor",full_text_verified_pdf_pass
C19,"Exploratory Data Analysis of the N-CMAPSS Dataset for Prognostics",2021,"IEEE IEEM",10.1109/ieem50564.2021.9673064,https://nva.sikt.no/registration/0198cc91745e-0039c52b-817b-4507-addb-bf2a9b4221f7,"N-CMAPSS DS03; 15 units; 3 flight classes","RUL supplied in dev/test files; EDA anchor, not a model label protocol",NR,"47 raw features; 21 independent variables plus RUL after EDA consolidation; flight-class variables retained","dataset EDA; no unified model sensor-selection rule",NR,NR,"paper recommends scaling such as min-max; no executed model normalization protocol",NR,"official development/test split is preserved for one analysis and dev+test are also combined for EDA; no model test-window policy","EDA correlations, distributions, clustering and data-quality observations; no model benchmark metric",NR,NR,"not a model evaluation; no repetitions or seed policy","NR","Dataset-support anchor: 9.8 million rows, 47 raw features, 15 units and three flight classes; reports repeated RUL values and RUL/health-status inconsistencies",dataset_anchor_coded
C16,"Multi-Resolution LSTM-Based Prediction Model for Remaining Useful Life of Aero-Engine",2024,"IEEE Transactions on Vehicular Technology",10.1109/tvt.2023.3319377,http://mosaic-lab.org/uploads/papers/578d1a29-0c66-4bc3-ab6f-fc0db7f6fd5a.pdf,"C-MAPSS FD002/FD004; N-CMAPSS DS01-DS07","piecewise-linear RUL; cap 125 for C-MAPSS and cap 65 for N-CMAPSS",125,"C-MAPSS 14 sensors: 2,3,4,7,8,9,11,12,13,14,15,17,20,21; N-CMAPSS excludes nine zero-valued model-health variables","remove C-MAPSS sensors 1,5,6,10,16,18,19 as stable/constant; remove zero-valued N-CMAPSS variables","grid 30/60/90; setup reports optimum 60 but results state FD002=70 and FD004=90",NR,"min-max normalization to [-1,1] after smoothing","fit scope NR","official C-MAPSS train/test used; test-window aggregation NR; N-CMAPSS uses 70/30 train/test per subset with allocation unit NR","RMSE; PHM08/NASA Score",NR,10,"mean over 10 replicate experiments; no SD/CI reported",NR,"Formal issue year 2024 after 2023 online-first publication; window reporting conflicts between setup and results; C-MAPSS comparison values for other methods are taken from references; N-CMAPSS 70/30 split does not state unit-level isolation",full_text_verified_pdf_pass
C02,"Remaining useful life estimation via transformer encoder enhanced by a gated convolutional unit",2021,"Journal of Intelligent Manufacturing",10.1007/s10845-021-01750-x,https://doi.org/10.1007/s10845-021-01750-x,"C-MAPSS FD001; FD002; FD003; FD004","piecewise-linear RUL capped at 125; RUL labels additionally min-max scaled",125,"14 selected sensors; sensor identifiers NR","monotonicity and correlation selection with alpha=0.5 and gamma=0.2; statistics described over the whole subset rather than a declared training-only partition",NR,NR,"sensor min-max normalization to [0,1]; RUL min-max normalization","formula and selection wording use the whole subset; train-only fitting cannot be confirmed","one RUL prediction at the final observed record of each official test engine","RMSE",NR,NR,"no SD/CI or repeated-run distribution","no paper-specific repository; PyTorch 1.3.11 implementation based on Harvard Annotated Transformer","Model input sequence length and stride are not reported; convolution kernel size 3 is a GCU kernel and must not be treated as the sample window; validation construction is NR; hyperparameters are described as empirical",full_text_verified_pdf_pass
C03,"Remaining useful life prediction of aero-engine enabled by fusing knowledge and deep learning models",2023,"Reliability Engineering & System Safety",10.1016/j.ress.2022.108869,https://doi.org/10.1016/j.ress.2022.108869,"C-MAPSS FD001; FD002; FD003; FD004","piecewise-linear RUL; early-life plateau explicitly set to 125",125,"all 21 sensors grouped by physical knowledge into 9 sensor maps; three operating settings are not model inputs","knowledge flow charts and sensor relationships determine the nine maps; no sensor is discarded",40,NR,"min-max normalization","fit scope NR","official test set: one endpoint RUL prediction per engine; nine FD002 engines are additionally plotted over reconstructed complete-life trajectories","RMSE; PHM08/NASA Score",NR,10,"mean and standard deviation of evaluation indicators over 10 runs are shown in Fig. 11","no repository located","Five percent of training samples are randomly selected for validation; allocation by engine versus window and the random seed are NR; early stopping uses 20 validation-loss epochs without improvement; formal issue year 2023 after 2022 online-first publication",full_text_verified_pdf_pass
C04,"Dynamic predictive maintenance strategy for system remaining useful life prediction via deep learning ensemble method",2024,"Reliability Engineering & System Safety",10.1016/j.ress.2024.110012,https://doi.org/10.1016/j.ress.2024.110012,"C-MAPSS FD001; separate PHM08 experiment","segmented linear RUL with elbow/cap 130",130,"14 sensors: 2,3,4,7,8,9,11,12,13,14,15,17,20,21","remove sensors 1,5,6,10,16,18,19 as uninformative","30 is reported only in the phrase sliding time window step is set to 30; whether it denotes length is ambiguous","30 is reported only in the phrase sliding time window step is set to 30; whether it denotes stride is ambiguous","mean/variance normalization","fit scope NR","official FD001 test set with one endpoint prediction per 100 test engines; separate predictive-maintenance study splits complete FD001 training units 1-80/81-100","RMSE; PHM08/NASA Score; maintenance cost indicators",NR,"10 model iterations for the official FD001 comparison; 100 experiments for the separate maintenance strategy","best and mean over 10 iterations reported without SD/CI; maintenance experiment reports 100-experiment averages","no repository located","A validation dataset is repeatedly used for tuning but its construction is NR; Table 3 emphasizes best-of-10 RMSE=13.22 and Score=232.24 while means are 13.77 and 269.88; the official test protocol and the separate maintenance split must not be conflated",full_text_verified_pdf_pass
C06,"Sensor-aware CapsNet: Towards trustworthy multisensory fusion for remaining useful life prediction",2024,"Journal of Manufacturing Systems",10.1016/j.jmsy.2023.11.009,https://doi.org/10.1016/j.jmsy.2023.11.009,"C-MAPSS FD001; FD002; FD003; FD004","piecewise-linear RUL; cap NR; RUL additionally min-max normalized",NR,"14 sensors; operating settings are absent from the reported (30,14,1) input","remove sensors whose variance on training data is below 1e-6",30,NR,"sensor min-max normalization to [-1,1]; RUL min-max normalization","sensor bounds fitted on training data and applied unchanged to test data","one prediction at the final record of each official test engine","RMSE; PHM08/NASA Score; uncertainty calibration score (UCS)",NR,NR,"68% confidence interval reported; independent run count and seed dispersion NR","no repository located","The paper evaluates test datasets at every training epoch to plot UCS/RMSE and compares dropout 0.5/0.7/0.9 using test metrics; this creates test-monitoring and selection risk. Training augmentation uses Gaussian noise, random scaling and random amplification",full_text_verified_pdf_pass
C07,"An attention-based temporal convolutional network method for predicting remaining useful life of aero-engine",2024,"Engineering Applications of Artificial Intelligence",10.1016/j.engappai.2023.107241,https://doi.org/10.1016/j.engappai.2023.107241,"C-MAPSS FD001; FD002; FD003; FD004","piecewise-linear RUL capped at 125",125,"14 sensors: 2,3,4,7,8,9,11,12,13,14,15,17,20,21","moving-average inspection of FD001 training trajectories; constant sensors discarded","FD001=31; FD002=30; FD003=45; FD004=50","1 inferred exactly from Table 3 sample counts; the text names step l but does not print its numeric value","min-max normalization to [0,1]","fit scope NR; formula uses each sensor's extrema and does not state train-only fitting","all overlapping windows from official test trajectories are evaluated (10096/26511/12207/29436 test samples); the last window is used only for a visualization example","RMSE; PHM08/NASA Score",NR,10,"mean RMSE and Score over 10 trials; no SD/CI reported","no repository located","No validation split or grid-search selection set is reported; hyperparameters are chosen by grid search. Testing all overlapping windows differs from the standard one-endpoint-per-engine policy and changes the metric denominator",full_text_verified_pdf_pass
C08,"Bi-LSTM-Based Two-Stream Network for Machine Remaining Useful Life Prediction",2022,"IEEE Transactions on Instrumentation and Measurement",10.1109/tim.2022.3167778,https://personal.ntu.edu.sg/xlli/publication/mov_rul.pdf,"C-MAPSS FD001; FD002; FD003; FD004","piecewise-linear RUL capped at 125",125,"14 sensors plus 3 operating settings","standard informative-sensor subset; constant sensors removed",30,NR,"min-max normalization","fit scope NR","official test endpoints; one prediction per engine; trajectories shorter than 30 are front-padded with their first value","RMSE; PHM08/NASA Score",NR,NR,"no SD/CI or independent repeated-run distribution","https://github.com/ruibing-jin/Bi_LSTM_TS","Training data are divided into five folds and four folds are used at each epoch; fold rotation, held-out-fold purpose, and engine-versus-window allocation are not specified; normalization fit scope and seed are NR",full_text_verified_pdf_pass
C09,"Global attention mechanism based deep learning for remaining useful life prediction of aero-engine",2023,Measurement,10.1016/j.measurement.2023.113098,https://doi.org/10.1016/j.measurement.2023.113098,"C-MAPSS FD001; FD002; FD003; FD004","piecewise-linear RUL capped at 125",125,"14 sensors: 2,3,4,7,8,9,11,12,13,14,15,17,20,21","seven constant sensors removed to keep a common subset across all four datasets","FD001=31; FD002=30; FD003=60; FD004=50",1,"min-max normalization","formula uses extrema of all data points for a sensor; train-only fitting is not stated","one testing sample per official test engine (100/259/100/248), consistent with final-window endpoint evaluation","RMSE; PHM08/NASA Score",NR,NR,"no SD/CI or repeated-run distribution","no repository located","Reported training-sample counts are incompatible with the stated window lengths and standard subset trajectory totals. Reduction ratio r=2 is selected by comparing test RMSE/Score across r values, an explicit test-set tuning risk; no validation split is reported",full_text_verified_pdf_pass
C10,"Remaining Useful Life Prediction on C-MAPSS Dataset via Joint Autoencoder-Regression Architecture",2022,"30th Signal Processing and Communications Applications Conference (SIU)",10.1109/siu55565.2022.9864796,https://ieeexplore.ieee.org/document/9864796,"C-MAPSS FD001","linear RUL and piecewise-linear caps 120/125/130 compared; headline model uses PwL120",120,"16 sensors (2-9,11-15,17,20,21) plus 3 operating settings","literature-based removal of five sensors not considered useful","optimized as a genetic-algorithm gene; selected value NR",NR,"feature scaling; transform type NR","scaler fitted on training data and applied to test data","official FD001 test set; final-window or engine aggregation NR","RMSE; PHM08/NASA Score",NR,"300 genetic-algorithm candidate trainings followed by top-50 refinement stages; not independent repeated trials","no run-level SD/CI; Gaussian noise variance is a regularization setting rather than result variance","no repository; Python, Scikit-learn and Keras are named","No validation split or fitness-data boundary is reported. The best result is selected from 300 models, then the top 50 are refined with two noise levels and pruning and the best is again reported, creating severe best-of-search/test-reuse risk. Local IEEE PDF is user-entitled and redistribution-restricted",full_text_verified_pdf_pass
C17,"Bayesian gated-transformer model for risk-aware prediction of aero-engine remaining useful life",2024,"Expert Systems with Applications",10.1016/j.eswa.2023.121859,https://doi.org/10.1016/j.eswa.2023.121859,"C-MAPSS FD001-FD004; N-CMAPSS DS01-DS07, DS08a and DS08c; DS08d excluded as unreadable","piecewise-linear RUL; cap 125 for C-MAPSS and cap 65 for N-CMAPSS","C-MAPSS=125; N-CMAPSS=65","C-MAPSS 14 sensors + 3 operating parameters; N-CMAPSS 14 observed variables + 4 operating variables after per-cycle three-phase averaging","C-MAPSS removes sensors 1,5,6,10,16,18,19; N-CMAPSS excludes virtual sensors and health parameters","C-MAPSS=75; N-CMAPSS=30",1,"min-max normalization","fit scope NR","metrics are evaluated on corresponding test datasets; CMAPSS final-window/engine aggregation is NR; N-CMAPSS uses generated test samples and the paper notes Score depends on sample count","RMSE; PHM08/NASA Score; PICP; PINAW; CWC; NLL; 95% prediction intervals",NR,NR,"MC-dropout prediction intervals are reported, but no independent training-run dispersion; MC sample count T is NR","no repository located","No validation-set construction, seed, or preprocessing fit scope is reported. N-CMAPSS records within each cycle are divided into acceleration/uniform/deceleration phases and averaged; DS08d is omitted because it could not be opened",full_text_verified_pdf_pass
