subset,model,split_seed,init_seed,kind,amplitude,seed,truth,population,rmse,nasa_mean,engines
FD001,lstm,42,11,clean,0.0,0,capped125,endpoint,13.425865518208429,3.599488476855497,100
FD001,lstm,42,11,clean,0.0,0,capped125,equal_engine_windows,13.060949084041239,3.061240271069981,100
FD001,lstm,42,11,clean,0.0,0,capped125,pooled_windows,13.566361475713439,3.1329530241625014,100
FD001,lstm,42,11,clean,0.0,0,raw,endpoint,14.661601083060498,3.936946928937234,100
FD001,lstm,42,11,clean,0.0,0,raw,equal_engine_windows,39.24328540450457,2596.2268321077836,100
FD001,lstm,42,11,clean,0.0,0,raw,pooled_windows,45.76611512012961,5094.617841764175,100
FD001,lstm,42,11,gaussian,0.01,101,capped125,endpoint,13.307755047855492,3.4991407235380168,100
FD001,lstm,42,11,gaussian,0.01,101,capped125,equal_engine_windows,13.09387979328828,3.1017467855178347,100
FD001,lstm,42,11,gaussian,0.01,101,capped125,pooled_windows,13.608357759868957,3.1674144928856127,100
FD001,lstm,42,11,gaussian,0.01,101,raw,endpoint,14.601381982591523,3.8578870088554242,100
FD001,lstm,42,11,gaussian,0.01,101,raw,equal_engine_windows,39.26243316915894,2621.4570895431575,100
FD001,lstm,42,11,gaussian,0.01,101,raw,pooled_windows,45.77981759416024,5140.433142257299,100
FD001,lstm,42,11,gaussian,0.01,211,capped125,endpoint,13.639884769974119,3.8333983901996542,100
FD001,lstm,42,11,gaussian,0.01,211,capped125,equal_engine_windows,13.15223407774706,3.1218833107172497,100
FD001,lstm,42,11,gaussian,0.01,211,capped125,pooled_windows,13.672621727083817,3.204506596801672,100
FD001,lstm,42,11,gaussian,0.01,211,raw,endpoint,14.902737968291252,4.190481165363758,100
FD001,lstm,42,11,gaussian,0.01,211,raw,equal_engine_windows,39.270196556135346,2579.988562986425,100
FD001,lstm,42,11,gaussian,0.01,211,raw,pooled_windows,45.78861529250846,5059.585086135634,100
FD001,lstm,42,11,gaussian,0.01,307,capped125,endpoint,13.502273524165167,3.6554062608347873,100
FD001,lstm,42,11,gaussian,0.01,307,capped125,equal_engine_windows,13.172085242920652,3.116223279739472,100
FD001,lstm,42,11,gaussian,0.01,307,capped125,pooled_windows,13.648594403672986,3.1767166783676393,100
FD001,lstm,42,11,gaussian,0.01,307,raw,endpoint,14.689065595544662,3.972877562475048,100
FD001,lstm,42,11,gaussian,0.01,307,raw,equal_engine_windows,39.30676361542022,2602.3566350320743,100
FD001,lstm,42,11,gaussian,0.01,307,raw,pooled_windows,45.811052636656264,5114.041250831298,100
FD001,lstm,42,11,gaussian,0.03,101,capped125,endpoint,13.323695602311984,3.4593078734975107,100
FD001,lstm,42,11,gaussian,0.03,101,capped125,equal_engine_windows,13.561791461725447,3.4124018011822637,100
FD001,lstm,42,11,gaussian,0.03,101,capped125,pooled_windows,14.123357510079755,3.4975912701277574,100
FD001,lstm,42,11,gaussian,0.03,101,raw,endpoint,14.720571869462663,3.880627811177567,100
FD001,lstm,42,11,gaussian,0.03,101,raw,equal_engine_windows,39.474837910282595,2710.9462187592126,100
FD001,lstm,42,11,gaussian,0.03,101,raw,pooled_windows,45.97697055378185,5305.793489689739,100
FD001,lstm,42,11,gaussian,0.03,211,capped125,endpoint,14.356804563391616,4.556666886240487,100
FD001,lstm,42,11,gaussian,0.03,211,capped125,equal_engine_windows,13.723020213420156,3.4819140061000735,100
FD001,lstm,42,11,gaussian,0.03,211,capped125,pooled_windows,14.288130086502223,3.6070105522623916,100
FD001,lstm,42,11,gaussian,0.03,211,raw,endpoint,15.648757349242125,4.958004558546992,100
FD001,lstm,42,11,gaussian,0.03,211,raw,equal_engine_windows,39.49790413741195,2586.350200275443,100
FD001,lstm,42,11,gaussian,0.03,211,raw,pooled_windows,46.000145581513465,5061.988755282708,100
FD001,lstm,42,11,gaussian,0.03,307,capped125,endpoint,13.958081986002165,3.991922744999073,100
FD001,lstm,42,11,gaussian,0.03,307,capped125,equal_engine_windows,13.75302025252988,3.444322207944043,100
FD001,lstm,42,11,gaussian,0.03,307,capped125,pooled_windows,14.171699764178104,3.48536545850177,100
FD001,lstm,42,11,gaussian,0.03,307,raw,endpoint,15.029382842506676,4.277914460183687,100
FD001,lstm,42,11,gaussian,0.03,307,raw,equal_engine_windows,39.59139012050734,2683.7019517454623,100
FD001,lstm,42,11,gaussian,0.03,307,raw,pooled_windows,46.04629136721742,5292.026026544541,100
FD001,lstm,42,11,gaussian,0.05,101,capped125,endpoint,13.668716813054575,3.6768656933549346,100
FD001,lstm,42,11,gaussian,0.05,101,capped125,equal_engine_windows,14.49222914763014,4.066827063483071,100
FD001,lstm,42,11,gaussian,0.05,101,capped125,pooled_windows,15.127220584338634,4.229208627301399,100
FD001,lstm,42,11,gaussian,0.05,101,raw,endpoint,15.148879801259152,4.194895971923883,100
FD001,lstm,42,11,gaussian,0.05,101,raw,equal_engine_windows,39.903211282260834,2857.3661982443973,100
FD001,lstm,42,11,gaussian,0.05,101,raw,pooled_windows,46.38303575294606,5580.134973607405,100
FD001,lstm,42,11,gaussian,0.05,211,capped125,endpoint,15.372962070111281,5.682881113796089,100
FD001,lstm,42,11,gaussian,0.05,211,capped125,equal_engine_windows,14.749265683940305,4.231861886984219,100
FD001,lstm,42,11,gaussian,0.05,211,capped125,pooled_windows,15.37075652454415,4.445814604785604,100
FD001,lstm,42,11,gaussian,0.05,211,raw,endpoint,16.669602633239798,6.135856134389588,100
FD001,lstm,42,11,gaussian,0.05,211,raw,equal_engine_windows,39.94672594559453,2643.979488221144,100
FD001,lstm,42,11,gaussian,0.05,211,raw,pooled_windows,46.42261606537471,5155.8162727268145,100
FD001,lstm,42,11,gaussian,0.05,307,capped125,endpoint,14.741595653478202,4.664151081900785,100
FD001,lstm,42,11,gaussian,0.05,307,capped125,equal_engine_windows,14.751044422774983,4.10390073527567,100
FD001,lstm,42,11,gaussian,0.05,307,capped125,pooled_windows,15.114106533447275,4.130490779400763,100
FD001,lstm,42,11,gaussian,0.05,307,raw,endpoint,15.687677164342968,4.927571912639324,100
FD001,lstm,42,11,gaussian,0.05,307,raw,equal_engine_windows,40.074413832750764,2888.1207368240616,100
FD001,lstm,42,11,gaussian,0.05,307,raw,pooled_windows,46.463645257872116,5717.958119852186,100
FD001,lstm,42,11,engine_bias,0.03,101,capped125,endpoint,14.163310775060962,4.577367117674695,100
FD001,lstm,42,11,engine_bias,0.03,101,capped125,equal_engine_windows,13.711987547937822,3.4643862524465794,100
FD001,lstm,42,11,engine_bias,0.03,101,capped125,pooled_windows,14.011913947714074,3.4276525471274457,100
FD001,lstm,42,11,engine_bias,0.03,101,raw,endpoint,15.332865062593434,4.919031511868736,100
FD001,lstm,42,11,engine_bias,0.03,101,raw,equal_engine_windows,39.4576227954812,2734.0136838984195,100
FD001,lstm,42,11,engine_bias,0.03,101,raw,pooled_windows,45.81521101589798,5298.05259880865,100
FD001,lstm,42,11,engine_bias,0.03,211,capped125,endpoint,13.93009654498246,4.83824330406725,100
FD001,lstm,42,11,engine_bias,0.03,211,capped125,equal_engine_windows,13.282476016957075,3.107984501496808,100
FD001,lstm,42,11,engine_bias,0.03,211,capped125,pooled_windows,13.842160243866372,3.1712447960275734,100
FD001,lstm,42,11,engine_bias,0.03,211,raw,endpoint,15.016796344392837,5.186138107685029,100
FD001,lstm,42,11,engine_bias,0.03,211,raw,equal_engine_windows,39.142884031916125,2619.0091012979346,100
FD001,lstm,42,11,engine_bias,0.03,211,raw,pooled_windows,45.686431706623914,5153.853862852507,100
FD001,lstm,42,11,engine_bias,0.03,307,capped125,endpoint,14.263063077291017,3.961570242381372,100
FD001,lstm,42,11,engine_bias,0.03,307,capped125,equal_engine_windows,13.413747570744453,3.0690640756511427,100
FD001,lstm,42,11,engine_bias,0.03,307,capped125,pooled_windows,13.842582702573155,3.1547619609372086,100
FD001,lstm,42,11,engine_bias,0.03,307,raw,endpoint,15.411829120894438,4.316809013417427,100
FD001,lstm,42,11,engine_bias,0.03,307,raw,equal_engine_windows,39.43966697471767,2633.5105398419955,100
FD001,lstm,42,11,engine_bias,0.03,307,raw,pooled_windows,45.88140715662511,5149.187998330746,100
FD001,cnn_1d,42,11,clean,0.0,0,capped125,endpoint,15.770936130411457,5.002931445225315,100
FD001,cnn_1d,42,11,clean,0.0,0,capped125,equal_engine_windows,15.04964918467852,4.02190572833688,100
FD001,cnn_1d,42,11,clean,0.0,0,capped125,pooled_windows,15.713255275640012,4.2442724696232155,100
FD001,cnn_1d,42,11,clean,0.0,0,raw,endpoint,17.023571645466596,5.409700465282144,100
FD001,cnn_1d,42,11,clean,0.0,0,raw,equal_engine_windows,41.11887053185666,3136.162763083177,100
FD001,cnn_1d,42,11,clean,0.0,0,raw,pooled_windows,47.637224929121544,6120.500359113341,100
FD001,cnn_1d,42,11,gaussian,0.01,101,capped125,endpoint,15.864183640286988,5.092439826077778,100
FD001,cnn_1d,42,11,gaussian,0.01,101,capped125,equal_engine_windows,15.087082051284687,4.0350547064932805,100
FD001,cnn_1d,42,11,gaussian,0.01,101,capped125,pooled_windows,15.775701156854172,4.258869355659441,100
FD001,cnn_1d,42,11,gaussian,0.01,101,raw,endpoint,17.12505986304974,5.503438362918643,100
FD001,cnn_1d,42,11,gaussian,0.01,101,raw,equal_engine_windows,41.122979043915436,3255.638498826734,100
FD001,cnn_1d,42,11,gaussian,0.01,101,raw,pooled_windows,47.641929646226885,6360.0738928947885,100
FD001,cnn_1d,42,11,gaussian,0.01,211,capped125,endpoint,15.92550812578606,5.249211345580645,100
FD001,cnn_1d,42,11,gaussian,0.01,211,capped125,equal_engine_windows,15.08432166019117,4.059549430639106,100
FD001,cnn_1d,42,11,gaussian,0.01,211,capped125,pooled_windows,15.742918173228045,4.285344931334288,100
FD001,cnn_1d,42,11,gaussian,0.01,211,raw,endpoint,17.210462923828096,5.678953027144697,100
FD001,cnn_1d,42,11,gaussian,0.01,211,raw,equal_engine_windows,41.10728649432801,3097.7332319750135,100
FD001,cnn_1d,42,11,gaussian,0.01,211,raw,pooled_windows,47.60848712451073,6036.031961237023,100
FD001,cnn_1d,42,11,gaussian,0.01,307,capped125,endpoint,15.706860713320031,5.086827906200906,100
FD001,cnn_1d,42,11,gaussian,0.01,307,capped125,equal_engine_windows,15.038594066761565,4.009902200015573,100
FD001,cnn_1d,42,11,gaussian,0.01,307,capped125,pooled_windows,15.701742002355187,4.228435847090116,100
FD001,cnn_1d,42,11,gaussian,0.01,307,raw,endpoint,16.92892748904086,5.47545424904296,100
FD001,cnn_1d,42,11,gaussian,0.01,307,raw,equal_engine_windows,41.09082682197964,3109.8046952083228,100
FD001,cnn_1d,42,11,gaussian,0.01,307,raw,pooled_windows,47.60825212148496,6070.355707701441,100
FD001,cnn_1d,42,11,gaussian,0.03,101,capped125,endpoint,16.162293153998018,5.357827499010686,100
FD001,cnn_1d,42,11,gaussian,0.03,101,capped125,equal_engine_windows,15.423598512751592,4.248925622282492,100
FD001,cnn_1d,42,11,gaussian,0.03,101,capped125,pooled_windows,16.146593879156505,4.487213695307669,100
FD001,cnn_1d,42,11,gaussian,0.03,101,raw,endpoint,17.42368549441813,5.780218906508184,100
FD001,cnn_1d,42,11,gaussian,0.03,101,raw,equal_engine_windows,41.158893733732924,3565.4874108173553,100
FD001,cnn_1d,42,11,gaussian,0.03,101,raw,pooled_windows,47.66228209262665,6987.332934472744,100
FD001,cnn_1d,42,11,gaussian,0.03,211,capped125,endpoint,16.356903495460113,5.909543397679298,100
FD001,cnn_1d,42,11,gaussian,0.03,211,capped125,equal_engine_windows,15.422809759918565,4.326338432238069,100
FD001,cnn_1d,42,11,gaussian,0.03,211,capped125,pooled_windows,16.05749676188965,4.563245366959262,100
FD001,cnn_1d,42,11,gaussian,0.03,211,raw,endpoint,17.690563254526676,6.391176212551432,100
FD001,cnn_1d,42,11,gaussian,0.03,211,raw,equal_engine_windows,41.101304115031866,3101.955383263068,100
FD001,cnn_1d,42,11,gaussian,0.03,211,raw,pooled_windows,47.54965007616589,6047.793447389619,100
FD001,cnn_1d,42,11,gaussian,0.03,307,capped125,endpoint,15.743219617188739,5.452415546951402,100
FD001,cnn_1d,42,11,gaussian,0.03,307,capped125,equal_engine_windows,15.292980926364084,4.196228162032886,100
FD001,cnn_1d,42,11,gaussian,0.03,307,capped125,pooled_windows,15.943932209498444,4.406277212984515,100
FD001,cnn_1d,42,11,gaussian,0.03,307,raw,endpoint,16.884473535359934,5.807026961247015,100
FD001,cnn_1d,42,11,gaussian,0.03,307,raw,equal_engine_windows,41.07666185934133,3117.2553976516256,100
FD001,cnn_1d,42,11,gaussian,0.03,307,raw,pooled_windows,47.580555134481344,6093.385827475717,100
FD001,cnn_1d,42,11,gaussian,0.05,101,capped125,endpoint,16.66968731313076,5.818227022023088,100
FD001,cnn_1d,42,11,gaussian,0.05,101,capped125,equal_engine_windows,16.1158210818952,4.7730652673004625,100
FD001,cnn_1d,42,11,gaussian,0.05,101,capped125,pooled_windows,16.861943157485214,5.049414976787525,100
FD001,cnn_1d,42,11,gaussian,0.05,101,raw,endpoint,17.91383115503064,6.25713625998614,100
FD001,cnn_1d,42,11,gaussian,0.05,101,raw,equal_engine_windows,41.22371833469537,3919.362188933492,100
FD001,cnn_1d,42,11,gaussian,0.05,101,raw,pooled_windows,47.678668482975276,7700.845438664118,100
FD001,cnn_1d,42,11,gaussian,0.05,211,capped125,endpoint,16.939697651683314,6.806765120020648,100
FD001,cnn_1d,42,11,gaussian,0.05,211,capped125,equal_engine_windows,16.111083266006847,4.8994400199436186,100
FD001,cnn_1d,42,11,gaussian,0.05,211,capped125,pooled_windows,16.705398553795412,5.15882893860249,100
FD001,cnn_1d,42,11,gaussian,0.05,211,raw,endpoint,18.294923990177697,7.346000263649501,100
FD001,cnn_1d,42,11,gaussian,0.05,211,raw,equal_engine_windows,41.116378706632425,3055.232138353731,100
FD001,cnn_1d,42,11,gaussian,0.05,211,raw,pooled_windows,47.45604379220132,5932.827421535955,100
FD001,cnn_1d,42,11,gaussian,0.05,307,capped125,endpoint,16.04067673842665,6.2052670621374055,100
FD001,cnn_1d,42,11,gaussian,0.05,307,capped125,equal_engine_windows,15.937234698362023,4.728643514766346,100
FD001,cnn_1d,42,11,gaussian,0.05,307,capped125,pooled_windows,16.53539396161297,4.906198996509406,100
FD001,cnn_1d,42,11,gaussian,0.05,307,raw,endpoint,17.076452099512586,6.527368286930702,100
FD001,cnn_1d,42,11,gaussian,0.05,307,raw,equal_engine_windows,41.11890728228912,3175.8227586705216,100
FD001,cnn_1d,42,11,gaussian,0.05,307,raw,pooled_windows,47.574902355485335,6215.025543253055,100
FD001,cnn_1d,42,11,engine_bias,0.03,101,capped125,endpoint,16.668983429272185,5.634906036425843,100
FD001,cnn_1d,42,11,engine_bias,0.03,101,capped125,equal_engine_windows,16.513195888950612,5.3492906622503495,100
FD001,cnn_1d,42,11,engine_bias,0.03,101,capped125,pooled_windows,16.585596868272184,5.229479611781995,100
FD001,cnn_1d,42,11,engine_bias,0.03,101,raw,endpoint,17.901794287660643,6.091030236981369,100
FD001,cnn_1d,42,11,engine_bias,0.03,101,raw,equal_engine_windows,41.34655312339968,3066.2196406325834,100
FD001,cnn_1d,42,11,engine_bias,0.03,101,raw,pooled_windows,47.35000342111697,5999.098811359845,100
FD001,cnn_1d,42,11,engine_bias,0.03,211,capped125,endpoint,16.380101720209915,7.055505607070388,100
FD001,cnn_1d,42,11,engine_bias,0.03,211,capped125,equal_engine_windows,16.29032030770071,4.65113601528943,100
FD001,cnn_1d,42,11,engine_bias,0.03,211,capped125,pooled_windows,17.125188755464674,5.014329791055183,100
FD001,cnn_1d,42,11,engine_bias,0.03,211,raw,endpoint,17.46696660003924,7.4146710442984185,100
FD001,cnn_1d,42,11,engine_bias,0.03,211,raw,equal_engine_windows,41.688777669207774,3343.9615146942706,100
FD001,cnn_1d,42,11,engine_bias,0.03,211,raw,pooled_windows,48.208687689093715,6633.0763632455855,100
FD001,cnn_1d,42,11,engine_bias,0.03,307,capped125,endpoint,17.505437249299813,5.916531949024063,100
FD001,cnn_1d,42,11,engine_bias,0.03,307,capped125,equal_engine_windows,16.685518347931854,4.939507289566826,100
FD001,cnn_1d,42,11,engine_bias,0.03,307,capped125,pooled_windows,17.260447276541495,5.225323349485327,100
FD001,cnn_1d,42,11,engine_bias,0.03,307,raw,endpoint,18.71370901908687,6.398417738281559,100
FD001,cnn_1d,42,11,engine_bias,0.03,307,raw,equal_engine_windows,42.12757053582812,2966.7545626781234,100
FD001,cnn_1d,42,11,engine_bias,0.03,307,raw,pooled_windows,48.507100488892384,5877.889060354749,100
FD001,lightgbm,42,11,clean,0.0,0,capped125,endpoint,13.767391691418647,3.338846617013244,100
FD001,lightgbm,42,11,clean,0.0,0,capped125,equal_engine_windows,14.723007073437177,3.8808627223581453,100
FD001,lightgbm,42,11,clean,0.0,0,capped125,pooled_windows,15.54780340683821,4.218526597826109,100
FD001,lightgbm,42,11,clean,0.0,0,raw,endpoint,14.944116933543556,3.6494924275633696,100
FD001,lightgbm,42,11,clean,0.0,0,raw,equal_engine_windows,41.342223690735146,2925.9192767473373,100
FD001,lightgbm,42,11,clean,0.0,0,raw,pooled_windows,47.97799875446636,5616.055218446749,100
FD001,lightgbm,42,11,gaussian,0.01,101,capped125,endpoint,14.117819399173015,3.6944839857828695,100
FD001,lightgbm,42,11,gaussian,0.01,101,capped125,equal_engine_windows,14.79674196201548,3.769302200506483,100
FD001,lightgbm,42,11,gaussian,0.01,101,capped125,pooled_windows,15.641479187971361,4.120012880240243,100
FD001,lightgbm,42,11,gaussian,0.01,101,raw,endpoint,15.31884766571688,4.01533582117716,100
FD001,lightgbm,42,11,gaussian,0.01,101,raw,equal_engine_windows,41.60373839431101,3136.628413812425,100
FD001,lightgbm,42,11,gaussian,0.01,101,raw,pooled_windows,48.250267466079976,6024.966528327785,100
FD001,lightgbm,42,11,gaussian,0.01,211,capped125,endpoint,14.117874075014221,3.6618440854080485,100
FD001,lightgbm,42,11,gaussian,0.01,211,capped125,equal_engine_windows,14.913549614943198,3.8789606705511557,100
FD001,lightgbm,42,11,gaussian,0.01,211,capped125,pooled_windows,15.7065045675869,4.228829512070944,100
FD001,lightgbm,42,11,gaussian,0.01,211,raw,endpoint,15.3127876676978,3.9773976487586875,100
FD001,lightgbm,42,11,gaussian,0.01,211,raw,equal_engine_windows,41.66870286294931,3133.880729005732,100
FD001,lightgbm,42,11,gaussian,0.01,211,raw,pooled_windows,48.31653284507287,6022.0141054275555,100
FD001,lightgbm,42,11,gaussian,0.01,307,capped125,endpoint,14.272670061188181,3.7252611840625334,100
FD001,lightgbm,42,11,gaussian,0.01,307,capped125,equal_engine_windows,14.77973324486814,3.797179817570184,100
FD001,lightgbm,42,11,gaussian,0.01,307,capped125,pooled_windows,15.612879434553406,4.1459976702307,100
FD001,lightgbm,42,11,gaussian,0.01,307,raw,endpoint,15.502833843376855,4.06568979065397,100
FD001,lightgbm,42,11,gaussian,0.01,307,raw,equal_engine_windows,41.60873518042257,3123.0677570227735,100
FD001,lightgbm,42,11,gaussian,0.01,307,raw,pooled_windows,48.26231780042278,6000.291830308536,100
FD001,lightgbm,42,11,gaussian,0.03,101,capped125,endpoint,14.24188845735474,3.060431442157545,100
FD001,lightgbm,42,11,gaussian,0.03,101,capped125,equal_engine_windows,15.979993065964223,3.788548826219533,100
FD001,lightgbm,42,11,gaussian,0.03,101,capped125,pooled_windows,16.795418233435193,4.204861177420689,100
FD001,lightgbm,42,11,gaussian,0.03,101,raw,endpoint,15.841338693733123,3.6342666146577347,100
FD001,lightgbm,42,11,gaussian,0.03,101,raw,equal_engine_windows,43.436539661548025,4937.250086209797,100
FD001,lightgbm,42,11,gaussian,0.03,101,raw,pooled_windows,50.04355379523489,9610.69821322315,100
FD001,lightgbm,42,11,gaussian,0.03,211,capped125,endpoint,14.032225283329542,3.173430851062753,100
FD001,lightgbm,42,11,gaussian,0.03,211,capped125,equal_engine_windows,16.418992216752276,3.9669409345216713,100
FD001,lightgbm,42,11,gaussian,0.03,211,capped125,pooled_windows,17.134596370424422,4.373406772014109,100
FD001,lightgbm,42,11,gaussian,0.03,211,raw,endpoint,15.426314529507081,3.5671971044798116,100
FD001,lightgbm,42,11,gaussian,0.03,211,raw,equal_engine_windows,43.69519223007431,4451.067143109502,100
FD001,lightgbm,42,11,gaussian,0.03,211,raw,pooled_windows,50.30687505345445,8597.75549579964,100
FD001,lightgbm,42,11,gaussian,0.03,307,capped125,endpoint,14.987821155488081,3.9070550937542867,100
FD001,lightgbm,42,11,gaussian,0.03,307,capped125,equal_engine_windows,16.11599984263536,3.8166232121903723,100
FD001,lightgbm,42,11,gaussian,0.03,307,capped125,pooled_windows,16.931561719617847,4.201843803798839,100
FD001,lightgbm,42,11,gaussian,0.03,307,raw,endpoint,16.48988001691519,4.400382532341132,100
FD001,lightgbm,42,11,gaussian,0.03,307,raw,equal_engine_windows,43.43989549593179,4256.425689058195,100
FD001,lightgbm,42,11,gaussian,0.03,307,raw,pooled_windows,50.141621669536654,8251.349217842955,100
FD001,lightgbm,42,11,gaussian,0.05,101,capped125,endpoint,15.71267438877501,3.256516894651448,100
FD001,lightgbm,42,11,gaussian,0.05,101,capped125,equal_engine_windows,19.174759219140466,4.881994712662903,100
FD001,lightgbm,42,11,gaussian,0.05,101,capped125,pooled_windows,19.86894288219843,5.428605753533704,100
FD001,lightgbm,42,11,gaussian,0.05,101,raw,endpoint,17.72044032953272,4.431162972717168,100
FD001,lightgbm,42,11,gaussian,0.05,101,raw,equal_engine_windows,46.77343906384854,8242.826322536757,100
FD001,lightgbm,42,11,gaussian,0.05,101,raw,pooled_windows,53.33308619140902,16206.477604541122,100
FD001,lightgbm,42,11,gaussian,0.05,211,capped125,endpoint,16.409864597036147,3.9990012157950865,100
FD001,lightgbm,42,11,gaussian,0.05,211,capped125,equal_engine_windows,19.58314874898647,5.177683525841958,100
FD001,lightgbm,42,11,gaussian,0.05,211,capped125,pooled_windows,20.16558805325343,5.664928891025125,100
FD001,lightgbm,42,11,gaussian,0.05,211,raw,endpoint,18.053781809567344,4.723140686773692,100
FD001,lightgbm,42,11,gaussian,0.05,211,raw,equal_engine_windows,46.98697105290021,6987.849016621333,100
FD001,lightgbm,42,11,gaussian,0.05,211,raw,pooled_windows,53.516844404638974,13580.29580698957,100
FD001,lightgbm,42,11,gaussian,0.05,307,capped125,endpoint,16.652587594519645,4.67028465411334,100
FD001,lightgbm,42,11,gaussian,0.05,307,capped125,equal_engine_windows,19.201577739363938,4.858956869157121,100
FD001,lightgbm,42,11,gaussian,0.05,307,capped125,pooled_windows,19.900405885878996,5.3244674702869546,100
FD001,lightgbm,42,11,gaussian,0.05,307,raw,endpoint,18.362171122007187,5.53895205240897,100
FD001,lightgbm,42,11,gaussian,0.05,307,raw,equal_engine_windows,46.713894767792645,6050.187435244387,100
FD001,lightgbm,42,11,gaussian,0.05,307,raw,pooled_windows,53.331543880310534,11785.874867905797,100
FD001,lightgbm,42,11,engine_bias,0.03,101,capped125,endpoint,16.119777774652317,4.5323953870706655,100
FD001,lightgbm,42,11,engine_bias,0.03,101,capped125,equal_engine_windows,17.64759904732205,5.318569486085299,100
FD001,lightgbm,42,11,engine_bias,0.03,101,capped125,pooled_windows,18.177310929881,5.712345080361136,100
FD001,lightgbm,42,11,engine_bias,0.03,101,raw,endpoint,17.505527769427477,5.085170078495292,100
FD001,lightgbm,42,11,engine_bias,0.03,101,raw,equal_engine_windows,43.8754408850987,7546.05598518951,100
FD001,lightgbm,42,11,engine_bias,0.03,101,raw,pooled_windows,50.46641179063346,14986.152691170288,100
FD001,lightgbm,42,11,engine_bias,0.03,211,capped125,endpoint,15.674404623367233,4.866107463569412,100
FD001,lightgbm,42,11,engine_bias,0.03,211,capped125,equal_engine_windows,16.70481498283166,4.398557631326978,100
FD001,lightgbm,42,11,engine_bias,0.03,211,capped125,pooled_windows,17.349903708604387,4.755452817485828,100
FD001,lightgbm,42,11,engine_bias,0.03,211,raw,endpoint,16.904466203973858,5.290754267246833,100
FD001,lightgbm,42,11,engine_bias,0.03,211,raw,equal_engine_windows,43.06773607583795,3387.7747215953946,100
FD001,lightgbm,42,11,engine_bias,0.03,211,raw,pooled_windows,49.46615049417518,6509.688933979934,100
FD001,lightgbm,42,11,engine_bias,0.03,307,capped125,endpoint,16.22365840283007,4.842190507344642,100
FD001,lightgbm,42,11,engine_bias,0.03,307,capped125,equal_engine_windows,17.172529003320797,4.899650929348571,100
FD001,lightgbm,42,11,engine_bias,0.03,307,capped125,pooled_windows,18.06326623084148,5.698792105883937,100
FD001,lightgbm,42,11,engine_bias,0.03,307,raw,endpoint,17.573311161237484,5.420982888708984,100
FD001,lightgbm,42,11,engine_bias,0.03,307,raw,equal_engine_windows,43.908874657611655,7355.879442008022,100
FD001,lightgbm,42,11,engine_bias,0.03,307,raw,pooled_windows,50.67588892763374,14660.221926723978,100
FD004,lstm,42,11,clean,0.0,0,capped125,endpoint,19.089470550840034,10.001790009859953,248
FD004,lstm,42,11,clean,0.0,0,capped125,equal_engine_windows,18.086577811968702,11.90014928138721,248
FD004,lstm,42,11,clean,0.0,0,capped125,pooled_windows,17.558718570142908,15.003368210846293,248
FD004,lstm,42,11,clean,0.0,0,raw,endpoint,30.60128884226472,38.31724627154062,248
FD004,lstm,42,11,clean,0.0,0,raw,equal_engine_windows,78.25210777747893,4205678231.362688,248
FD004,lstm,42,11,clean,0.0,0,raw,pooled_windows,99.75496980702762,10764210656.193045,248
FD004,lstm,42,11,gaussian,0.01,101,capped125,endpoint,21.87511172163958,13.31939360814479,248
FD004,lstm,42,11,gaussian,0.01,101,capped125,equal_engine_windows,20.538961865509922,20.16194974965143,248
FD004,lstm,42,11,gaussian,0.01,101,capped125,pooled_windows,20.30975525388217,23.013193356002727,248
FD004,lstm,42,11,gaussian,0.01,101,raw,endpoint,32.594237575038136,49.009824713903384,248
FD004,lstm,42,11,gaussian,0.01,101,raw,equal_engine_windows,79.46360259918389,3885182156.1707716,248
FD004,lstm,42,11,gaussian,0.01,101,raw,pooled_windows,100.98184298655538,10028678198.47525,248
FD004,lstm,42,11,gaussian,0.01,211,capped125,endpoint,20.437226208831817,16.15758063935585,248
FD004,lstm,42,11,gaussian,0.01,211,capped125,equal_engine_windows,20.231429449664045,15.596419810843692,248
FD004,lstm,42,11,gaussian,0.01,211,capped125,pooled_windows,19.946817504197607,18.374230328406423,248
FD004,lstm,42,11,gaussian,0.01,211,raw,endpoint,30.626324127841027,40.703287401249476,248
FD004,lstm,42,11,gaussian,0.01,211,raw,equal_engine_windows,79.17998339050428,3878936586.542945,248
FD004,lstm,42,11,gaussian,0.01,211,raw,pooled_windows,100.83331350878777,9979793951.629595,248
FD004,lstm,42,11,gaussian,0.01,307,capped125,endpoint,21.447521428024846,17.094412339316932,248
FD004,lstm,42,11,gaussian,0.01,307,capped125,equal_engine_windows,20.04670830098794,15.929264559177247,248
FD004,lstm,42,11,gaussian,0.01,307,capped125,pooled_windows,20.087852432144373,19.858188078292798,248
FD004,lstm,42,11,gaussian,0.01,307,raw,endpoint,32.00990766066045,61.23127035682311,248
FD004,lstm,42,11,gaussian,0.01,307,raw,equal_engine_windows,79.111504294908,4622441889.759334,248
FD004,lstm,42,11,gaussian,0.01,307,raw,pooled_windows,100.75772056037661,11858207952.548765,248
FD004,lstm,42,11,gaussian,0.03,101,capped125,endpoint,37.014568527174625,228.36764534058057,248
FD004,lstm,42,11,gaussian,0.03,101,capped125,equal_engine_windows,34.95597225824384,301.031659886384,248
FD004,lstm,42,11,gaussian,0.03,101,capped125,pooled_windows,34.690449698143915,292.6005817527728,248
FD004,lstm,42,11,gaussian,0.03,101,raw,endpoint,45.56387737093666,1500.6453308268458,248
FD004,lstm,42,11,gaussian,0.03,101,raw,equal_engine_windows,88.03024978351567,11934669939.097603,248
FD004,lstm,42,11,gaussian,0.03,101,raw,pooled_windows,108.90370241166235,30333267613.916134,248
FD004,lstm,42,11,gaussian,0.03,211,capped125,endpoint,31.680594560129443,163.594988561948,248
FD004,lstm,42,11,gaussian,0.03,211,capped125,equal_engine_windows,35.042249987491694,202.9790508101099,248
FD004,lstm,42,11,gaussian,0.03,211,capped125,pooled_windows,34.34665048266929,220.4778581895516,248
FD004,lstm,42,11,gaussian,0.03,211,raw,endpoint,39.54635781131232,441.70562637872143,248
FD004,lstm,42,11,gaussian,0.03,211,raw,equal_engine_windows,87.70105699724874,20552209978.01267,248
FD004,lstm,42,11,gaussian,0.03,211,raw,pooled_windows,108.59060773285051,47945777973.84416,248
FD004,lstm,42,11,gaussian,0.03,307,capped125,endpoint,34.90743030996222,216.14933120249307,248
FD004,lstm,42,11,gaussian,0.03,307,capped125,equal_engine_windows,34.206759887487465,198.04232878006394,248
FD004,lstm,42,11,gaussian,0.03,307,capped125,pooled_windows,34.285076742332215,214.0905072218116,248
FD004,lstm,42,11,gaussian,0.03,307,raw,endpoint,43.37570846331243,673.4769611252094,248
FD004,lstm,42,11,gaussian,0.03,307,raw,equal_engine_windows,87.25583788941971,29733727597.78284,248
FD004,lstm,42,11,gaussian,0.03,307,raw,pooled_windows,108.38659233421645,76063537179.14331,248
FD004,lstm,42,11,gaussian,0.05,101,capped125,endpoint,50.823581033373486,1862.3306251925776,248
FD004,lstm,42,11,gaussian,0.05,101,capped125,equal_engine_windows,49.8129958402411,3522.067395674766,248
FD004,lstm,42,11,gaussian,0.05,101,capped125,pooled_windows,49.63685356585792,3325.8411484646113,248
FD004,lstm,42,11,gaussian,0.05,101,raw,endpoint,58.43483008587511,16401.22557585603,248
FD004,lstm,42,11,gaussian,0.05,101,raw,equal_engine_windows,99.00007780796071,505830409381.9888,248
FD004,lstm,42,11,gaussian,0.05,101,raw,pooled_windows,119.29789970280372,1265092790282.6528,248
FD004,lstm,42,11,gaussian,0.05,211,capped125,endpoint,44.284540140466156,1341.1778091413614,248
FD004,lstm,42,11,gaussian,0.05,211,capped125,equal_engine_windows,50.43588111802518,2626.3973491386055,248
FD004,lstm,42,11,gaussian,0.05,211,capped125,pooled_windows,49.626724008926715,2625.3288056314836,248
FD004,lstm,42,11,gaussian,0.05,211,raw,endpoint,51.0785281416151,5763.980291730694,248
FD004,lstm,42,11,gaussian,0.05,211,raw,equal_engine_windows,98.77814840193605,327468475739.2258,248
FD004,lstm,42,11,gaussian,0.05,211,raw,pooled_windows,118.91099445129709,752552983605.621,248
FD004,lstm,42,11,gaussian,0.05,307,capped125,endpoint,47.29606152843631,1685.5529292097397,248
FD004,lstm,42,11,gaussian,0.05,307,capped125,equal_engine_windows,49.396081211539425,2311.7950385582085,248
FD004,lstm,42,11,gaussian,0.05,307,capped125,pooled_windows,49.71934916774579,2480.3283272826948,248
FD004,lstm,42,11,gaussian,0.05,307,raw,endpoint,55.122344155320754,7031.194530421264,248
FD004,lstm,42,11,gaussian,0.05,307,raw,equal_engine_windows,98.38185407221391,1100824226729.1167,248
FD004,lstm,42,11,gaussian,0.05,307,raw,pooled_windows,118.95542446824494,2767359264853.977,248
FD004,lstm,42,11,engine_bias,0.03,101,capped125,endpoint,36.06850624106243,324.84072768964836,248
FD004,lstm,42,11,engine_bias,0.03,101,capped125,equal_engine_windows,39.769353167339894,270.1355993286332,248
FD004,lstm,42,11,engine_bias,0.03,101,capped125,pooled_windows,38.752141621193154,234.73732518818386,248
FD004,lstm,42,11,engine_bias,0.03,101,raw,endpoint,44.495895574169246,778.1726442862646,248
FD004,lstm,42,11,engine_bias,0.03,101,raw,equal_engine_windows,89.86628472094961,12676466684.293362,248
FD004,lstm,42,11,engine_bias,0.03,101,raw,pooled_windows,110.04446766426572,33333481144.514446,248
FD004,lstm,42,11,engine_bias,0.03,211,capped125,endpoint,39.57933737320266,269.05170138931913,248
FD004,lstm,42,11,engine_bias,0.03,211,capped125,equal_engine_windows,40.27491128257262,256.65422786538437,248
FD004,lstm,42,11,engine_bias,0.03,211,capped125,pooled_windows,40.39032355021978,257.3355446648907,248
FD004,lstm,42,11,engine_bias,0.03,211,raw,endpoint,47.48243058904006,758.0539672195894,248
FD004,lstm,42,11,engine_bias,0.03,211,raw,equal_engine_windows,90.81875940553476,19572439502.146713,248
FD004,lstm,42,11,engine_bias,0.03,211,raw,pooled_windows,111.84446027955224,46118220205.18816,248
FD004,lstm,42,11,engine_bias,0.03,307,capped125,endpoint,38.96987028608273,7256.657870798409,248
FD004,lstm,42,11,engine_bias,0.03,307,capped125,equal_engine_windows,41.42544038948941,504.19444843631527,248
FD004,lstm,42,11,engine_bias,0.03,307,capped125,pooled_windows,40.77834913988099,457.0953618916873,248
FD004,lstm,42,11,engine_bias,0.03,307,raw,endpoint,47.3576388714856,8139.467296950789,248
FD004,lstm,42,11,engine_bias,0.03,307,raw,equal_engine_windows,90.83853730681899,11732730077.975676,248
FD004,lstm,42,11,engine_bias,0.03,307,raw,pooled_windows,110.34551514322656,29866075387.27771,248
FD004,cnn_1d,42,11,clean,0.0,0,capped125,endpoint,25.13807145357304,19.650425956492583,248
FD004,cnn_1d,42,11,clean,0.0,0,capped125,equal_engine_windows,21.67082155756976,27.769473511692432,248
FD004,cnn_1d,42,11,clean,0.0,0,capped125,pooled_windows,20.818437030140704,43.05684876897614,248
FD004,cnn_1d,42,11,clean,0.0,0,raw,endpoint,35.601703012070324,58.630091932430275,248
FD004,cnn_1d,42,11,clean,0.0,0,raw,equal_engine_windows,80.8637409345482,3866158798.00875,248
FD004,cnn_1d,42,11,clean,0.0,0,raw,pooled_windows,101.77165378332577,10011309046.573315,248
FD004,cnn_1d,42,11,gaussian,0.01,101,capped125,endpoint,25.52667303300085,22.458401383390978,248
FD004,cnn_1d,42,11,gaussian,0.01,101,capped125,equal_engine_windows,21.9581715071746,31.33496096715603,248
FD004,cnn_1d,42,11,gaussian,0.01,101,capped125,pooled_windows,21.067053605383926,48.29552948683127,248
FD004,cnn_1d,42,11,gaussian,0.01,101,raw,endpoint,35.88071101612384,60.18688457367656,248
FD004,cnn_1d,42,11,gaussian,0.01,101,raw,equal_engine_windows,81.13383517829244,4003954002.2967787,248
FD004,cnn_1d,42,11,gaussian,0.01,101,raw,pooled_windows,102.01633342883336,10373290662.839241,248
FD004,cnn_1d,42,11,gaussian,0.01,211,capped125,endpoint,25.074507950496226,19.115054210651422,248
FD004,cnn_1d,42,11,gaussian,0.01,211,capped125,equal_engine_windows,21.841317335246565,26.26171121814805,248
FD004,cnn_1d,42,11,gaussian,0.01,211,capped125,pooled_windows,20.899583695081162,40.186718586272576,248
FD004,cnn_1d,42,11,gaussian,0.01,211,raw,endpoint,35.52801060932264,56.681186997226646,248
FD004,cnn_1d,42,11,gaussian,0.01,211,raw,equal_engine_windows,81.07223585742607,4012466619.0053844,248
FD004,cnn_1d,42,11,gaussian,0.01,211,raw,pooled_windows,101.95693584736094,10367967470.917341,248
FD004,cnn_1d,42,11,gaussian,0.01,307,capped125,endpoint,25.663581636065636,21.399039284523337,248
FD004,cnn_1d,42,11,gaussian,0.01,307,capped125,equal_engine_windows,21.90205221217571,30.051691736866065,248
FD004,cnn_1d,42,11,gaussian,0.01,307,capped125,pooled_windows,20.99471007488648,46.32437685953775,248
FD004,cnn_1d,42,11,gaussian,0.01,307,raw,endpoint,36.10194484558803,59.631150254638335,248
FD004,cnn_1d,42,11,gaussian,0.01,307,raw,equal_engine_windows,81.02624442254802,3756582636.4013367,248
FD004,cnn_1d,42,11,gaussian,0.01,307,raw,pooled_windows,101.9016457732202,9764761666.378132,248
FD004,cnn_1d,42,11,gaussian,0.03,101,capped125,endpoint,27.129817416357483,34.61608517922166,248
FD004,cnn_1d,42,11,gaussian,0.03,101,capped125,equal_engine_windows,23.520434922559048,41.14544561657588,248
FD004,cnn_1d,42,11,gaussian,0.03,101,capped125,pooled_windows,22.49435227590175,59.59083965234625,248
FD004,cnn_1d,42,11,gaussian,0.03,101,raw,endpoint,37.37215235874724,77.61729472059494,248
FD004,cnn_1d,42,11,gaussian,0.03,101,raw,equal_engine_windows,82.65428723741327,4700145455.934296,248
FD004,cnn_1d,42,11,gaussian,0.03,101,raw,pooled_windows,103.4498658786965,12216575789.798988,248
FD004,cnn_1d,42,11,gaussian,0.03,211,capped125,endpoint,26.077049389517676,22.245073733449324,248
FD004,cnn_1d,42,11,gaussian,0.03,211,capped125,equal_engine_windows,23.29521950837005,25.56360135366668,248
FD004,cnn_1d,42,11,gaussian,0.03,211,capped125,pooled_windows,22.0867579971286,36.300120131707686,248
FD004,cnn_1d,42,11,gaussian,0.03,211,raw,endpoint,36.61439576756362,65.65715083398962,248
FD004,cnn_1d,42,11,gaussian,0.03,211,raw,equal_engine_windows,82.58462576786562,4575352447.588466,248
FD004,cnn_1d,42,11,gaussian,0.03,211,raw,pooled_windows,103.35629721796617,11777371661.282877,248
FD004,cnn_1d,42,11,gaussian,0.03,307,capped125,endpoint,27.587077145983784,31.2859327485749,248
FD004,cnn_1d,42,11,gaussian,0.03,307,capped125,equal_engine_windows,23.4171036582757,37.38793942065534,248
FD004,cnn_1d,42,11,gaussian,0.03,307,capped125,pooled_windows,22.295998839611915,55.61360552262358,248
FD004,cnn_1d,42,11,gaussian,0.03,307,raw,endpoint,37.99885739751032,78.68292985518119,248
FD004,cnn_1d,42,11,gaussian,0.03,307,raw,equal_engine_windows,82.37910506017433,3807244065.810595,248
FD004,cnn_1d,42,11,gaussian,0.03,307,raw,pooled_windows,103.14922570120133,10011257488.151632,248
FD004,cnn_1d,42,11,gaussian,0.05,101,capped125,endpoint,29.469355562827946,60.17357759684983,248
FD004,cnn_1d,42,11,gaussian,0.05,101,capped125,equal_engine_windows,25.861022981175413,56.167212175896914,248
FD004,cnn_1d,42,11,gaussian,0.05,101,capped125,pooled_windows,24.76587897598262,74.34888994469387,248
FD004,cnn_1d,42,11,gaussian,0.05,101,raw,endpoint,39.65452634152994,123.82487946914179,248
FD004,cnn_1d,42,11,gaussian,0.05,101,raw,equal_engine_windows,84.94981640706409,7252707755.507147,248
FD004,cnn_1d,42,11,gaussian,0.05,101,raw,pooled_windows,105.69642730087065,18788672569.07247,248
FD004,cnn_1d,42,11,gaussian,0.05,211,capped125,endpoint,28.216392965903292,34.6981920455491,248
FD004,cnn_1d,42,11,gaussian,0.05,211,capped125,equal_engine_windows,25.749297374377047,29.42022041888503,248
FD004,cnn_1d,42,11,gaussian,0.05,211,capped125,pooled_windows,24.29818281893474,37.569609578951784,248
FD004,cnn_1d,42,11,gaussian,0.05,211,raw,endpoint,38.84681873229787,95.31526112374206,248
FD004,cnn_1d,42,11,gaussian,0.05,211,raw,equal_engine_windows,85.02004676763782,6092887284.414459,248
FD004,cnn_1d,42,11,gaussian,0.05,211,raw,pooled_windows,105.68006671930559,15555742996.749275,248
FD004,cnn_1d,42,11,gaussian,0.05,307,capped125,endpoint,30.26821947249809,55.92846347947942,248
FD004,cnn_1d,42,11,gaussian,0.05,307,capped125,equal_engine_windows,25.9083212807254,49.28288353103914,248
FD004,cnn_1d,42,11,gaussian,0.05,307,capped125,pooled_windows,24.516623648294722,68.97538862570981,248
FD004,cnn_1d,42,11,gaussian,0.05,307,raw,endpoint,40.68119751772599,125.64871679557048,248
FD004,cnn_1d,42,11,gaussian,0.05,307,raw,equal_engine_windows,84.64582454790857,4367876032.732552,248
FD004,cnn_1d,42,11,gaussian,0.05,307,raw,pooled_windows,105.3061645846496,11654885597.677876,248
FD004,cnn_1d,42,11,engine_bias,0.03,101,capped125,endpoint,45.29698969675953,1453.0543595640231,248
FD004,cnn_1d,42,11,engine_bias,0.03,101,capped125,equal_engine_windows,42.058819297716475,777.2268181376451,248
FD004,cnn_1d,42,11,engine_bias,0.03,101,capped125,pooled_windows,39.95931039896917,557.805281410768,248
FD004,cnn_1d,42,11,engine_bias,0.03,101,raw,endpoint,53.565332982589034,4078.753447399412,248
FD004,cnn_1d,42,11,engine_bias,0.03,101,raw,equal_engine_windows,92.90171704982575,7847291813.733556,248
FD004,cnn_1d,42,11,engine_bias,0.03,101,raw,pooled_windows,112.1762160444794,20584375665.780205,248
FD004,cnn_1d,42,11,engine_bias,0.03,211,capped125,endpoint,45.40150825475385,1392.6974090495032,248
FD004,cnn_1d,42,11,engine_bias,0.03,211,capped125,equal_engine_windows,39.18327803265159,915.7377126802589,248
FD004,cnn_1d,42,11,engine_bias,0.03,211,capped125,pooled_windows,38.41697235793797,1234.844005054554,248
FD004,cnn_1d,42,11,engine_bias,0.03,211,raw,endpoint,53.480605359333595,1797.5735996452881,248
FD004,cnn_1d,42,11,engine_bias,0.03,211,raw,equal_engine_windows,92.32055329890322,7797547320.131554,248
FD004,cnn_1d,42,11,engine_bias,0.03,211,raw,pooled_windows,112.67158227715761,19225311708.4969,248
FD004,cnn_1d,42,11,engine_bias,0.03,307,capped125,endpoint,44.346986426026206,632.6817944652233,248
FD004,cnn_1d,42,11,engine_bias,0.03,307,capped125,equal_engine_windows,41.276167004817765,417.43779171280596,248
FD004,cnn_1d,42,11,engine_bias,0.03,307,capped125,pooled_windows,42.124463093145565,461.47655829285327,248
FD004,cnn_1d,42,11,engine_bias,0.03,307,raw,endpoint,52.30674820794564,1828.605817062214,248
FD004,cnn_1d,42,11,engine_bias,0.03,307,raw,equal_engine_windows,93.28103166198986,9512642287.074936,248
FD004,cnn_1d,42,11,engine_bias,0.03,307,raw,pooled_windows,114.46604354960252,25312252768.704887,248
FD004,lightgbm,42,11,clean,0.0,0,capped125,endpoint,17.70605291365369,7.8763832611093765,248
FD004,lightgbm,42,11,clean,0.0,0,capped125,equal_engine_windows,16.997227003560486,11.869821003210522,248
FD004,lightgbm,42,11,clean,0.0,0,capped125,pooled_windows,16.43802103081259,13.530187470050192,248
FD004,lightgbm,42,11,clean,0.0,0,raw,endpoint,29.40386057569014,28.384535707159532,248
FD004,lightgbm,42,11,clean,0.0,0,raw,equal_engine_windows,77.92746012565405,4560146205.154268,248
FD004,lightgbm,42,11,clean,0.0,0,raw,pooled_windows,99.53726751991692,11602691746.6519,248
FD004,lightgbm,42,11,gaussian,0.01,101,capped125,endpoint,47.0573109436879,148.9938896048785,248
FD004,lightgbm,42,11,gaussian,0.01,101,capped125,equal_engine_windows,59.862693578153824,295.2991454969199,248
FD004,lightgbm,42,11,gaussian,0.01,101,capped125,pooled_windows,58.93359558170043,280.4772194159574,248
FD004,lightgbm,42,11,gaussian,0.01,101,raw,endpoint,61.09501073251555,2856.03248787146,248
FD004,lightgbm,42,11,gaussian,0.01,101,raw,equal_engine_windows,119.35213368977287,1078269983738.7034,248
FD004,lightgbm,42,11,gaussian,0.01,101,raw,pooled_windows,140.43205774897422,2707598582089.0513,248
FD004,lightgbm,42,11,gaussian,0.01,211,capped125,endpoint,45.859071223235794,156.22881938866254,248
FD004,lightgbm,42,11,gaussian,0.01,211,capped125,equal_engine_windows,60.4422420908797,310.53451450404333,248
FD004,lightgbm,42,11,gaussian,0.01,211,capped125,pooled_windows,59.51390800487681,284.1749606425737,248
FD004,lightgbm,42,11,gaussian,0.01,211,raw,endpoint,59.97464431666922,3116.385785233718,248
FD004,lightgbm,42,11,gaussian,0.01,211,raw,equal_engine_windows,120.01213620931372,835611414919.3075,248
FD004,lightgbm,42,11,gaussian,0.01,211,raw,pooled_windows,141.0720912954302,2112718775359.6099,248
FD004,lightgbm,42,11,gaussian,0.01,307,capped125,endpoint,48.24360736840098,176.43300667545648,248
FD004,lightgbm,42,11,gaussian,0.01,307,capped125,equal_engine_windows,60.349659468255894,309.9295284063542,248
FD004,lightgbm,42,11,gaussian,0.01,307,capped125,pooled_windows,59.12632591280602,281.9639028890649,248
FD004,lightgbm,42,11,gaussian,0.01,307,raw,endpoint,62.376001937669635,4037.697770065971,248
FD004,lightgbm,42,11,gaussian,0.01,307,raw,equal_engine_windows,119.95132991430262,1106999728539.18,248
FD004,lightgbm,42,11,gaussian,0.01,307,raw,pooled_windows,140.7238749654556,2778481926365.0244,248
FD004,lightgbm,42,11,gaussian,0.03,101,capped125,endpoint,51.66605717207386,243.53170973587902,248
FD004,lightgbm,42,11,gaussian,0.03,101,capped125,equal_engine_windows,67.41321259405771,533.5548273423054,248
FD004,lightgbm,42,11,gaussian,0.03,101,capped125,pooled_windows,66.18791308899053,483.30596260213747,248
FD004,lightgbm,42,11,gaussian,0.03,101,raw,endpoint,65.65099886638085,4961.754438316731,248
FD004,lightgbm,42,11,gaussian,0.03,101,raw,equal_engine_windows,126.617749559671,1914989553167.623,248
FD004,lightgbm,42,11,gaussian,0.03,101,raw,pooled_windows,147.46113429121093,4871014513200.883,248
FD004,lightgbm,42,11,gaussian,0.03,211,capped125,endpoint,51.7221980182907,218.98851327750873,248
FD004,lightgbm,42,11,gaussian,0.03,211,capped125,equal_engine_windows,67.80315392611857,536.4941730956815,248
FD004,lightgbm,42,11,gaussian,0.03,211,capped125,pooled_windows,66.7177377408329,483.3555044970238,248
FD004,lightgbm,42,11,gaussian,0.03,211,raw,endpoint,65.58572427364368,6309.708633934579,248
FD004,lightgbm,42,11,gaussian,0.03,211,raw,equal_engine_windows,127.07754887808345,1531279661205.6807,248
FD004,lightgbm,42,11,gaussian,0.03,211,raw,pooled_windows,147.9899305609642,3881901021256.2104,248
FD004,lightgbm,42,11,gaussian,0.03,307,capped125,endpoint,53.85243642806368,327.26516477141723,248
FD004,lightgbm,42,11,gaussian,0.03,307,capped125,equal_engine_windows,67.83731817676406,547.6573937193971,248
FD004,lightgbm,42,11,gaussian,0.03,307,capped125,pooled_windows,66.44314547584469,484.95711953112306,248
FD004,lightgbm,42,11,gaussian,0.03,307,raw,endpoint,68.02630751531203,8192.219227378628,248
FD004,lightgbm,42,11,gaussian,0.03,307,raw,equal_engine_windows,127.09230367377008,1688063060412.444,248
FD004,lightgbm,42,11,gaussian,0.03,307,raw,pooled_windows,147.74420278845705,4281911669098.88,248
FD004,lightgbm,42,11,gaussian,0.05,101,capped125,endpoint,55.77029927068083,374.51489327228813,248
FD004,lightgbm,42,11,gaussian,0.05,101,capped125,equal_engine_windows,72.47597271441633,789.0066444827222,248
FD004,lightgbm,42,11,gaussian,0.05,101,capped125,pooled_windows,71.37064790126963,708.5859235287229,248
FD004,lightgbm,42,11,gaussian,0.05,101,raw,endpoint,69.70367733331823,7373.167755766044,248
FD004,lightgbm,42,11,gaussian,0.05,101,raw,equal_engine_windows,131.5641436993749,2449537997768.304,248
FD004,lightgbm,42,11,gaussian,0.05,101,raw,pooled_windows,152.507858095546,6334663535509.273,248
FD004,lightgbm,42,11,gaussian,0.05,211,capped125,endpoint,55.42807029453415,326.27425056906844,248
FD004,lightgbm,42,11,gaussian,0.05,211,capped125,equal_engine_windows,72.85127512374878,793.8374308302515,248
FD004,lightgbm,42,11,gaussian,0.05,211,capped125,pooled_windows,71.80909230772598,710.673931701853,248
FD004,lightgbm,42,11,gaussian,0.05,211,raw,endpoint,69.22147159739869,10092.11101027345,248
FD004,lightgbm,42,11,gaussian,0.05,211,raw,equal_engine_windows,131.98315583611452,1718766011169.7495,248
FD004,lightgbm,42,11,gaussian,0.05,211,raw,pooled_windows,152.90204829396782,4385535564834.358,248
FD004,lightgbm,42,11,gaussian,0.05,307,capped125,endpoint,57.18001161663703,441.1938514360132,248
FD004,lightgbm,42,11,gaussian,0.05,307,capped125,equal_engine_windows,72.72564449588457,769.3935183424517,248
FD004,lightgbm,42,11,gaussian,0.05,307,capped125,pooled_windows,71.49870725550964,706.0166103875221,248
FD004,lightgbm,42,11,gaussian,0.05,307,raw,endpoint,71.24332910236478,11053.318009853541,248
FD004,lightgbm,42,11,gaussian,0.05,307,raw,equal_engine_windows,131.8217736295972,2406297692822.2866,248
FD004,lightgbm,42,11,gaussian,0.05,307,raw,pooled_windows,152.57200969503404,6086045536545.103,248
FD004,lightgbm,42,11,engine_bias,0.03,101,capped125,endpoint,57.563939917839626,1150.5048687043295,248
FD004,lightgbm,42,11,engine_bias,0.03,101,capped125,equal_engine_windows,64.81871224071755,1107.3997787266726,248
FD004,lightgbm,42,11,engine_bias,0.03,101,capped125,pooled_windows,63.47016638636708,932.3883519342096,248
FD004,lightgbm,42,11,engine_bias,0.03,101,raw,endpoint,69.43753937128778,12703.312351759989,248
FD004,lightgbm,42,11,engine_bias,0.03,101,raw,equal_engine_windows,121.32401876279695,3487890579336.0386,248
FD004,lightgbm,42,11,engine_bias,0.03,101,raw,pooled_windows,141.71110558939796,8616531290235.616,248
FD004,lightgbm,42,11,engine_bias,0.03,211,capped125,endpoint,57.688408489121535,1188.833112916027,248
FD004,lightgbm,42,11,engine_bias,0.03,211,capped125,equal_engine_windows,63.06525512149698,942.6161423921119,248
FD004,lightgbm,42,11,engine_bias,0.03,211,capped125,pooled_windows,61.93660262354862,895.9139688050149,248
FD004,lightgbm,42,11,engine_bias,0.03,211,raw,endpoint,69.21746673400325,6768.0562578257295,248
FD004,lightgbm,42,11,engine_bias,0.03,211,raw,equal_engine_windows,119.14945192535349,416686663572.9064,248
FD004,lightgbm,42,11,engine_bias,0.03,211,raw,pooled_windows,139.7250787805717,1128293128581.6228,248
FD004,lightgbm,42,11,engine_bias,0.03,307,capped125,endpoint,62.544346044226316,1860.0163756264928,248
FD004,lightgbm,42,11,engine_bias,0.03,307,capped125,equal_engine_windows,68.95924593387369,1438.3994056564984,248
FD004,lightgbm,42,11,engine_bias,0.03,307,capped125,pooled_windows,67.87329117041389,1314.565802211607,248
FD004,lightgbm,42,11,engine_bias,0.03,307,raw,endpoint,73.18034723936375,13150.80558140785,248
FD004,lightgbm,42,11,engine_bias,0.03,307,raw,equal_engine_windows,124.62110329782976,562673984320.5125,248
FD004,lightgbm,42,11,engine_bias,0.03,307,raw,pooled_windows,144.7986544831641,1744711413026.3232,248
