subset,model,kind,amplitude,seed,engines,mean_prediction_displacement,prediction_displacement_mse,error_cross_term,endpoint_mse_increase
FD001,lstm,gaussian,0.01,101,100,-0.04990574438124895,1.082256820599417,-4.239777319894201,-3.157520499294784
FD001,lstm,gaussian,0.01,211,100,-0.10002749506384134,1.5601809428955116,4.232410682258313,5.7925916251538245
FD001,lstm,gaussian,0.01,307,100,0.06398262456059456,1.494820478809169,0.5627049295443171,2.057525408353486
FD001,lstm,gaussian,0.03,101,100,-0.19210847560316324,9.622350342490972,-12.35535075244138,-2.7330004099504084
FD001,lstm,gaussian,0.03,211,100,-0.348739018663764,13.66845943607277,12.195512922331496,25.863972358404265
FD001,lstm,gaussian,0.03,307,100,0.16464646439999342,13.010779007227375,1.5634088077126558,14.574187814940032
FD001,lstm,gaussian,0.05,101,100,-0.38711713161319494,26.563010045962425,-19.983055643499714,6.579954402462711
FD001,lstm,gaussian,0.05,211,100,-0.6542963348329067,36.69437075294289,19.37972714311913,56.074097896062014
FD001,lstm,gaussian,0.05,307,100,0.24327717255800962,34.83284311176212,2.2279343858671568,37.060777497629275
FD001,lstm,engine_bias,0.03,101,100,0.22727051749825478,13.12898673635288,7.2165204615869865,20.345507197939867
FD001,lstm,engine_bias,0.03,211,100,0.21945164073258638,13.13467319688257,0.6590516426316053,13.793724839514175
FD001,lstm,engine_bias,0.03,307,100,-0.016083475202322006,16.794588321366305,6.386515112397884,23.18110343376419
FD001,cnn_1d,gaussian,0.01,101,100,-0.1571196923032403,0.7386788211259588,2.2112173221058624,2.9498961432318214
FD001,cnn_1d,gaussian,0.01,211,100,-0.14911374542862177,0.9038532826397103,3.9955293523205984,4.8993826349603085
FD001,cnn_1d,gaussian,0.01,307,100,0.0431104376912117,1.0563460149906958,-3.0732989768719032,-2.0169529618812074
FD001,cnn_1d,gaussian,0.03,101,100,-0.44989912770688534,6.602393686051421,5.894899880202324,12.497293566253745
FD001,cnn_1d,gaussian,0.03,211,100,-0.42083815671503544,7.799361323712332,11.026504206565479,18.82586553027781
FD001,cnn_1d,gaussian,0.03,307,100,0.16553117893636227,9.782847516451143,-10.656310030932252,-0.8734625144811083
FD001,cnn_1d,gaussian,0.05,101,100,-0.6642521731555462,18.90407849213406,10.251970195900995,29.156048688035057
FD001,cnn_1d,gaussian,0.05,211,100,-0.6242313049733639,21.14265905460842,17.088271046319303,38.23093010092772
FD001,cnn_1d,gaussian,0.05,307,100,0.3437361307442188,27.90100208028324,-19.32011828309879,8.580883797184452
FD001,cnn_1d,engine_bias,0.03,101,100,-1.232148827984929,40.552752250981214,-11.420170115148009,29.132582135833204
FD001,cnn_1d,engine_bias,0.03,211,100,-0.16329413279891014,33.508438165097125,-13.923132230190788,19.585305934906337
FD001,cnn_1d,engine_bias,0.03,307,100,-0.4395316820591688,38.65265438919334,19.06525247046268,57.71790685965602
FD001,lightgbm,gaussian,0.01,101,100,-0.15311633056505772,8.152284685430137,1.6194659172926478,9.771750602722785
FD001,lightgbm,gaussian,0.01,211,100,0.18250289428173413,7.135098276923027,2.6381961360924464,9.773294413015474
FD001,lightgbm,gaussian,0.01,307,100,-0.24750660883157655,8.696828357794159,5.471208332800112,14.16803669059427
FD001,lightgbm,gaussian,0.03,101,100,-1.778340752685265,47.2227548780777,-33.93244203128665,13.290312846791053
FD001,lightgbm,gaussian,0.03,211,100,-2.365129925562592,49.370855409399034,-42.008582992229414,7.3622724171696206
FD001,lightgbm,gaussian,0.03,307,100,-2.7412821918194608,50.816943653943746,-15.723234649990829,35.09370900395292
FD001,lightgbm,gaussian,0.05,101,100,-4.950400985645068,109.02825352905592,-51.68119106633295,57.34706246272297
FD001,lightgbm,gaussian,0.05,211,100,-5.8813637048691065,127.21173364753184,-47.469151539414625,79.74258210811722
FD001,lightgbm,gaussian,0.05,307,100,-5.302638994639388,112.98216618860411,-25.214566580397737,87.76759960820638
FD001,lightgbm,engine_bias,0.03,101,100,-1.2143876649065266,74.51045171665926,-4.204290197427619,70.30616151923164
FD001,lightgbm,engine_bias,0.03,211,100,-0.31205860666100166,75.72042261540824,-19.5745363033154,56.14588631209284
FD001,lightgbm,engine_bias,0.03,307,100,-1.3296889109432573,89.32207647235133,-15.656058485575832,73.6660179867755
FD004,lstm,gaussian,0.01,101,248,-1.855348572961145,129.86124351155294,-15.74861658872851,114.11262692282443
FD004,lstm,gaussian,0.01,211,248,-0.24528945833745022,100.31993003929223,-47.047600839719095,53.272329199573136
FD004,lstm,gaussian,0.01,307,248,0.18165522863367392,126.42037811454901,-30.83208862035308,95.58828949419593
FD004,lstm,gaussian,0.03,101,248,-8.332338869466536,1066.6319898406048,-60.9615924990876,1005.6703973415172
FD004,lstm,gaussian,0.03,211,248,-3.9912406787005885,747.6249849512393,-108.37279917932491,639.2521857719144
FD004,lstm,gaussian,0.03,307,248,-3.1474565076942165,918.8730925134695,-64.75228757998886,854.1208049334806
FD004,lstm,gaussian,0.05,101,248,-14.273945197102524,2342.0765688726633,-123.44806572817131,2218.628503144492
FD004,lstm,gaussian,0.05,211,248,-8.268729316055655,1757.5540511171532,-160.8414415759842,1596.712609541169
FD004,lstm,gaussian,0.05,307,248,-7.891551161470312,1946.4561301850358,-73.94657999479132,1872.5095501902445
FD004,lstm,engine_bias,0.03,101,248,-5.630821130433751,1012.302976089533,-75.77371953936236,936.5292565501707
FD004,lstm,engine_bias,0.03,211,248,-5.447306919978151,1155.7649524492533,46.35110854115445,1202.1160609904077
FD004,lstm,engine_bias,0.03,307,248,-7.4931163239412975,1225.1741996068693,-70.93129540414446,1154.2429042027247
FD004,cnn_1d,gaussian,0.01,101,248,0.2742941630253148,7.993427397153353,11.694972331635599,19.68839972878895
FD004,cnn_1d,gaussian,0.01,211,248,-0.13498559353813047,9.656645762479153,-12.848333207924501,-3.191687445445348
FD004,cnn_1d,gaussian,0.01,307,248,-0.14008281211699208,9.269134914438517,17.427651071622964,26.69678598606148
FD004,cnn_1d,gaussian,0.03,101,248,0.4526544399859925,71.20007294903755,32.90428369091236,104.10435663994991
FD004,cnn_1d,gaussian,0.03,211,248,-0.8153754996225959,82.78244694880681,-34.69257849040656,48.08986845840025
FD004,cnn_1d,gaussian,0.03,307,248,-0.6796694323120098,83.82808108154616,45.29610797197097,129.1241890535171
FD004,cnn_1d,gaussian,0.05,101,248,0.25159625088675847,184.49198827046942,52.02829261296516,236.52028088343457
FD004,cnn_1d,gaussian,0.05,211,248,-1.7415931065296453,210.86827247423633,-46.62607687290334,164.24219560133298
FD004,cnn_1d,gaussian,0.05,307,248,-1.5125508465233348,221.64875968023932,62.593713950129306,284.24247363036864
FD004,cnn_1d,engine_bias,0.03,101,248,-6.456741576849092,1475.6034645843736,-55.70882540097796,1419.8946391833956
FD004,cnn_1d,engine_bias,0.03,211,248,-4.2889125836682656,1358.3292324349313,71.0450829666069,1429.3743154015383
FD004,cnn_1d,engine_bias,0.03,307,248,-6.186278178281481,1437.3533372920565,-102.62076862684764,1334.7325686652089
FD004,lightgbm,gaussian,0.01,101,248,-32.957731987166696,2038.7735071748234,-137.88730370499837,1900.886203469825
FD004,lightgbm,gaussian,0.01,211,248,-32.00485929302,1932.9881258237667,-143.4380221470578,1789.5501036767089
FD004,lightgbm,gaussian,0.01,307,248,-33.7303429732826,2094.5864956264986,-80.64515349116962,2013.941342135329
FD004,lightgbm,gaussian,0.03,101,248,-36.82955714729285,2509.428092478247,-153.55093855134638,2355.8771539269005
FD004,lightgbm,gaussian,0.03,211,248,-36.011692801177475,2525.273985084807,-163.592527022637,2361.68145806217
FD004,lightgbm,gaussian,0.03,307,248,-37.733561787103184,2666.6053422740542,-80.02474281651843,2586.5805994575358
FD004,lightgbm,gaussian,0.05,101,248,-39.894753911879455,2943.978788753824,-147.1568177936253,2796.821970960199
FD004,lightgbm,gaussian,0.05,211,248,-39.11100953312086,2941.3055039820433,-182.53883718732757,2758.7666667947155
FD004,lightgbm,gaussian,0.05,307,248,-40.01396882442372,3059.87852545687,-103.82910675922923,2956.049418697641
FD004,lightgbm,engine_bias,0.03,101,248,-20.270712675930366,2986.517748658204,13.585120425342641,3000.1028690835465
FD004,lightgbm,engine_bias,0.03,211,248,-17.13341275737481,3074.761015947221,-60.312851720575,3014.448164226646
FD004,lightgbm,engine_bias,0.03,307,248,-20.49114127870147,3559.3795740340674,38.91133828475641,3598.2909123188238
