subset,model,split_seed,init_seed,device,checkpoint_bytes,parameters,features,batch,repeats,median_batch_ms,p95_batch_ms,mean_batch_ms,predictions_per_second_at_median,trees
FD001,lstm,42,11,RTX 4060 Laptop GPU,84733,20545.0,14,1,50,0.2946,1.048665,0.41395400000000004,3394.433129667346,
FD001,lstm,42,11,RTX 4060 Laptop GPU,84733,20545.0,14,64,50,0.78765,1.09416,0.7569859999999999,81254.36424807973,
FD001,cnn_1d,42,11,RTX 4060 Laptop GPU,70397,16961.0,14,1,50,0.2329,0.4938599999999999,0.27990200000000004,4293.688278231,
FD001,cnn_1d,42,11,RTX 4060 Laptop GPU,70397,16961.0,14,64,50,0.24225,0.56802,0.30704600000000004,264189.88648090814,
FD001,lightgbm,42,11,CPU (one thread),2733410,,420,1,50,0.10744999999999999,0.2553599999999999,0.134182,9306.654257794324,948.0
FD001,lightgbm,42,11,CPU (one thread),2733410,,420,64,50,4.580450000000001,5.415839999999999,4.729229999999999,13972.426289993338,948.0
FD004,lstm,42,11,RTX 4060 Laptop GPU,84733,20545.0,14,1,50,0.24114999999999998,0.4182049999999998,0.266488,4146.7965996267885,
FD004,lstm,42,11,RTX 4060 Laptop GPU,84733,20545.0,14,64,50,0.29945,0.4793199999999996,0.326474,213725.16279846386,
FD004,cnn_1d,42,11,RTX 4060 Laptop GPU,70397,16961.0,14,1,50,0.23265,0.35210499999999995,0.255606,4298.302170642596,
FD004,cnn_1d,42,11,RTX 4060 Laptop GPU,70397,16961.0,14,64,50,0.2574,0.5609199999999994,0.294908,248640.2486402486,
FD004,lightgbm,42,11,CPU (one thread),2408095,,420,1,50,0.06055,0.07602,0.064326,16515.276630883567,831.0
FD004,lightgbm,42,11,CPU (one thread),2408095,,420,64,50,2.86035,3.4766899999999996,2.9339180000000002,22374.884192493926,831.0
