subset,model,seed,rmse_point,rmse_quantile,nasa_score_point,nasa_score_quantile,quantile_minus_point_rmse,quantile_minus_point_nasa_score
FD001,cnn_1d,11,21.822022009031542,23.59951927982774,4642.525341709678,2277.2016275974397,1.7774972707961965,-2365.3237141122386
FD001,cnn_1d,23,21.957340963764498,22.637408720879964,2655.0076142869675,2747.593428806646,0.6800677571154665,92.58581451967848
FD001,cnn_1d,37,21.770409516570233,23.426658697697732,3731.16100950327,1772.440178144527,1.6562491811274995,-1958.7208313587432
FD001,cnn_1d,53,21.12630685322562,22.0200026914838,3340.7926171446743,4526.592834635148,0.8936958382581786,1185.800217490474
FD001,cnn_1d,71,22.02924845074858,22.217291685679005,5130.312004363536,5413.614688924943,0.18804323493042574,283.30268456140675
FD001,lightgbm,11,13.748668171558908,15.46324406998089,334.4850757331112,568.9061041439611,1.714575898421982,234.42102841084989
FD001,lightgbm,23,13.748668171558908,15.46324406998089,334.4850757331112,568.9061041439611,1.714575898421982,234.42102841084989
FD001,lightgbm,37,13.748668171558908,15.46324406998089,334.4850757331112,568.9061041439611,1.714575898421982,234.42102841084989
FD001,lightgbm,53,13.748668171558908,15.46324406998089,334.4850757331112,568.9061041439611,1.714575898421982,234.42102841084989
FD001,lightgbm,71,13.748668171558908,15.46324406998089,334.4850757331112,568.9061041439611,1.714575898421982,234.42102841084989
FD001,lstm,11,28.543073533696052,40.74198720897475,2803.7103997862678,20500.51617641513,12.198913675278696,17696.805776628862
FD001,lstm,23,20.983537342074936,40.71323554400283,571.2756486327758,20189.25137918239,19.729698201927892,19617.975730549617
FD001,lstm,37,40.42947479775951,40.75494500194469,16988.688962332908,20640.420697459234,0.32547020418518,3651.7317351263264
FD001,lstm,53,17.83997374323132,40.711202414630115,480.7970527747419,20167.206927392162,22.871228671398796,19686.40987461742
FD001,lstm,71,40.423226700757624,40.69663460983739,16914.221902641722,20008.77442669373,0.273407909079765,3094.5525240520074
FD001,transformer,11,13.58259825474712,15.437377250461312,330.79959484024806,555.0986557572137,1.8547789957141916,224.29906091696563
FD001,transformer,23,13.210167552766944,14.748906923424425,312.3106993758788,420.6155728897086,1.5387393706574812,108.30487351382976
FD001,transformer,37,14.578039920274854,15.468957461717412,466.23464514820023,535.4453389101069,0.8909175414425583,69.21069376190667
FD001,transformer,53,13.423456158537855,14.73157341572084,329.85431232954744,450.8929747817398,1.3081172571829853,121.03866245219234
FD001,transformer,71,13.476341472666611,14.132820685275691,317.74427751086796,346.7605935102726,0.6564792126090797,29.01631599940464
FD002,cnn_1d,11,23.592439155296475,24.31881846245405,5879.652209165174,6419.849003417814,0.7263793071575755,540.1967942526398
FD002,cnn_1d,23,23.45673279666044,25.352886976856094,6430.329495986136,5872.9999333222495,1.896154180195655,-557.3295626638865
FD002,cnn_1d,37,23.921561702899396,25.69978356560586,6685.887076619807,7200.215472577201,1.778221862706463,514.3283959573937
FD002,cnn_1d,53,23.420395379167942,24.498029692260737,6241.700807629653,7582.360942972439,1.0776343130927941,1340.660135342786
FD002,cnn_1d,71,23.42300736072266,25.120997183900663,5838.0831249084085,6364.24148694616,1.697989823178002,526.1583620377514
FD002,lightgbm,11,16.59101425784136,17.224200957740607,1237.334075786387,2159.21652360732,0.6331866998992481,921.8824478209331
FD002,lightgbm,23,16.59101425784136,17.224200957740607,1237.334075786387,2159.21652360732,0.6331866998992481,921.8824478209331
FD002,lightgbm,37,16.59101425784136,17.224200957740607,1237.334075786387,2159.21652360732,0.6331866998992481,921.8824478209331
FD002,lightgbm,53,16.59101425784136,17.224200957740607,1237.334075786387,2159.21652360732,0.6331866998992481,921.8824478209331
FD002,lightgbm,71,16.59101425784136,17.224200957740607,1237.334075786387,2159.21652360732,0.6331866998992481,921.8824478209331
FD002,lstm,11,43.51068885178133,43.51989098241548,63605.8586151487,63946.97213283348,0.009202130634150762,341.1135176847747
FD002,lstm,23,43.533772472417084,43.527846291089446,64459.4405488475,64240.945866411275,-0.005926181327637892,-218.49468243622687
FD002,lstm,37,43.49514187676558,43.73574103207957,63028.263667665655,71806.45356797961,0.240599155313987,8778.189900313955
FD002,lstm,53,43.50573849060893,43.52035590976569,63421.98980008408,63964.2537610061,0.014617419156763845,542.2639609220205
FD002,lstm,71,43.52847223727422,43.530517400501516,64263.74022689974,64339.751542305225,0.002045163227293756,76.01131540548522
FD002,transformer,11,19.411451041885392,44.54191262922659,2059.274841172449,101073.99577433632,25.130461587341195,99014.72093316387
FD002,transformer,23,17.664807476194493,44.35762332983256,1631.0850487809348,94349.30477742787,26.69281585363807,92718.21972864693
FD002,transformer,37,42.96373434567041,19.375740364728234,58126.74461219701,2589.498352938946,-23.587993980942176,-55537.24625925807
FD002,transformer,53,43.20752397692576,44.13886416566608,59375.414737109066,86782.49388781413,0.9313401887403145,27407.07915070506
FD002,transformer,71,18.029404834826977,20.336231837344325,2095.170927173971,2470.276916046809,2.3068270025173483,375.1059888728382
FD003,cnn_1d,11,22.27752081956529,23.098713313457978,2685.746266196666,3468.7413310959696,0.8211924938926884,782.9950648993035
FD003,cnn_1d,23,22.348973542457735,22.444961095527802,2732.0867845728676,3027.9649096488038,0.09598755307006712,295.87812507593617
FD003,cnn_1d,37,22.231594493921346,21.976578826941452,3048.3911677295987,2891.474551053897,-0.25501566697989375,-156.9166166757018
FD003,cnn_1d,53,22.20664118784429,22.175071572646036,2966.0011961139057,3219.577776112807,-0.0315696151982543,253.57657999890125
FD003,cnn_1d,71,22.395351109338442,21.932236486571618,2959.4231508730977,2702.0433868912446,-0.4631146227668239,-257.3797639818531
FD003,lightgbm,11,14.912520315888946,17.448382164845107,647.6170615190532,1595.4886784908456,2.535861848956161,947.8716169717924
FD003,lightgbm,23,14.912520315888946,17.448382164845107,647.6170615190532,1595.4886784908456,2.535861848956161,947.8716169717924
FD003,lightgbm,37,14.912520315888946,17.448382164845107,647.6170615190532,1595.4886784908456,2.535861848956161,947.8716169717924
FD003,lightgbm,53,14.912520315888946,17.448382164845107,647.6170615190532,1595.4886784908456,2.535861848956161,947.8716169717924
FD003,lightgbm,71,14.912520315888946,17.448382164845107,647.6170615190532,1595.4886784908456,2.535861848956161,947.8716169717924
FD003,lstm,11,41.925841091756574,41.768178832074135,37240.0694939218,35635.84451184906,-0.1576622596824393,-1604.2249820727375
FD003,lstm,23,41.89813827162853,41.718300641421905,36956.0250554829,35134.53386741739,-0.17983763020662735,-1821.4911880655127
FD003,lstm,37,41.90410158206236,42.00710679685171,37016.98371474051,38079.05610435052,0.10300521478934854,1062.0723896100099
FD003,lstm,53,21.11373593151772,41.68366656661809,1184.178302395718,34788.15385489231,20.569930635100373,33603.975552496595
FD003,lstm,71,41.90903325542824,41.72328967865222,37067.616504295394,35184.5666445402,-0.18574357677601938,-1883.0498597551923
FD003,transformer,11,13.751303268996022,15.214022647885933,477.874090544434,1486.586978115986,1.4627193788899113,1008.7128875715521
FD003,transformer,23,13.362920092885087,14.069876149052615,348.59547932358004,441.5082256058605,0.7069560561675274,92.91274628228047
FD003,transformer,37,12.998690557207674,15.049070845369158,293.9674884962405,639.7789361911916,2.0503802881614845,345.81144769495114
FD003,transformer,53,13.10100991550197,13.515637670250836,350.97312781907334,364.7256475259036,0.4146277547488655,13.752519706830242
FD003,transformer,71,13.714399747667253,14.128811567086332,339.80954486696106,1334.3083120123808,0.41441181941907956,994.4987671454198
FD004,cnn_1d,11,27.65720291066432,29.245028920357182,11048.77639830565,16220.96398161005,1.5878260096928614,5172.1875833044
FD004,cnn_1d,23,28.425015116610606,29.34135129756904,12965.64840052772,12500.723526939688,0.9163361809584352,-464.9248735880319
FD004,cnn_1d,37,27.970296985322694,29.80562670993391,13227.266912764528,14347.546762596136,1.835329724611217,1120.2798498316079
FD004,cnn_1d,53,27.990113661654934,28.396447028862482,14108.36569845589,14706.197843865913,0.406333367207548,597.8321454100242
FD004,cnn_1d,71,29.560166481325023,30.123835825598498,18642.94731724435,16275.920485448838,0.5636693442734746,-2367.0268317955124
FD004,lightgbm,11,17.89413301052379,21.887859140370217,2030.2535108630325,5575.924182269224,3.9937261298464257,3545.670671406191
FD004,lightgbm,23,17.89413301052379,21.887859140370217,2030.2535108630325,5575.924182269224,3.9937261298464257,3545.670671406191
FD004,lightgbm,37,17.89413301052379,21.887859140370217,2030.2535108630325,5575.924182269224,3.9937261298464257,3545.670671406191
FD004,lightgbm,53,17.89413301052379,21.887859140370217,2030.2535108630325,5575.924182269224,3.9937261298464257,3545.670671406191
FD004,lightgbm,71,17.89413301052379,21.887859140370217,2030.2535108630325,5575.924182269224,3.9937261298464257,3545.670671406191
FD004,lstm,11,43.87363606890154,43.687131479597525,88471.23491700084,80446.86290273625,-0.1865045893040147,-8024.372014264591
FD004,lstm,23,43.88932651180193,43.726725913426,89142.65515662619,82160.04765022465,-0.16260059837593133,-6982.607506401546
FD004,lstm,37,43.88577965218462,43.54079609616078,88990.88729371525,74032.19043197925,-0.3449835560238341,-14958.696861735996
FD004,lstm,53,43.88594096203426,43.7034733690332,88997.80206768816,81154.84616011244,-0.1824675930010642,-7842.955907575713
FD004,lstm,71,43.86187838107184,43.720384138286384,87967.91237022224,81886.15443246276,-0.14149424278545553,-6081.757937759481
FD004,transformer,11,43.58915730852383,46.48215425179583,95752.08704581068,212709.06834690613,2.892996943272003,116956.98130109545
FD004,transformer,23,21.45672055496294,46.063275596302084,3087.4629918406454,190181.40662972067,24.606555041339146,187093.94363788003
FD004,transformer,37,21.113483605473615,46.647466345987475,4184.682068486336,222011.4122519669,25.53398274051386,217826.73018348054
FD004,transformer,53,21.69293035071874,45.728168541554574,5222.751410546423,173030.171981276,24.035238190835834,167807.4205707296
FD004,transformer,71,23.193722670187704,24.198888415009677,9160.905644310109,7591.896186218173,1.0051657448219729,-1569.0094580919358
